experiment_id,timestamp,model,device,iteration,latency_ms,vram_allocated_mb,file_size_mb
EXP-AI-001,2026-09-19T134719,Anthurium_best,cpu,1,54.7531,0.0,19.9
EXP-AI-001,2026-09-19T134719,Anthurium_best,cpu,2,55.9799,0.0,19.9
EXP-AI-001,2026-09-19T134719,Anthurium_best,cpu,3,56.1515,0.0,19.9
EXP-AI-001,2026-09-19T134719,Anthurium_best,cpu,4,54.0331,0.0,19.9
EXP-AI-001,2026-09-19T134719,Anthurium_best,cpu,5,58.4059,0.0,19.9
EXP-AI-001,2026-09-19T134719,Anthurium_best,cpu,6,58.9596,0.0,19.9
EXP-AI-001,2026-09-19T134719,Anthurium_best,cpu,7,61.1431,0.0,19.9
EXP-AI-001,2026-09-19T134719,Anthurium_best,cpu,8,56.4599,0.0,19.9
EXP-AI-001,2026-09-19T134719,Anthurium_best,cpu,9,55.5514,0.0,19.9
EXP-AI-001,2026-09-19T134719,Anthurium_best,cpu,10,56.3124,0.0,19.9
EXP-AI-001,2026-09-19T134719,Anthurium_best,cpu,11,60.5337,0.0,19.9
EXP-AI-001,2026-09-19T134719,Anthurium_best,cpu,12,55.4903,0.0,19.9
EXP-AI-001,2026-09-19T134719,Anthurium_best,cpu,13,55.7046,0.0,19.9
EXP-AI-001,2026-09-19T134719,Anthurium_best,cpu,14,58.9297,0.0,19.9
EXP-AI-001,2026-09-19T134719,Anthurium_best,cpu,15,53.9665,0.0,19.9
EXP-AI-001,2026-09-19T134719,Anthurium_best,cpu,16,57.9979,0.0,19.9
EXP-AI-001,2026-09-19T134719,Anthurium_best,cpu,17,56.156,0.0,19.9
EXP-AI-001,2026-09-19T134719,Anthurium_best,cpu,18,56.6099,0.0,19.9
EXP-AI-001,2026-09-19T134719,Anthurium_best,cpu,19,58.8021,0.0,19.9
EXP-AI-001,2026-09-19T134719,Anthurium_best,cpu,20,56.5075,0.0,19.9
EXP-AI-001,2026-09-19T134719,Anthurium_best,cpu,21,53.423,0.0,19.9
EXP-AI-001,2026-09-19T134719,Anthurium_best,cpu,22,53.8023,0.0,19.9
EXP-AI-001,2026-09-19T134719,Anthurium_best,cpu,23,72.6335,0.0,19.9
EXP-AI-001,2026-09-19T134719,Anthurium_best,cpu,24,54.1722,0.0,19.9
EXP-AI-001,2026-09-19T134719,Anthurium_best,cpu,25,58.8211,0.0,19.9
EXP-AI-001,2026-09-19T134719,Anthurium_best,cpu,26,54.1039,0.0,19.9
EXP-AI-001,2026-09-19T134719,Anthurium_best,cpu,27,53.7206,0.0,19.9
EXP-AI-001,2026-09-19T134719,Anthurium_best,cpu,28,61.4726,0.0,19.9
EXP-AI-001,2026-09-19T134719,Anthurium_best,cpu,29,56.4192,0.0,19.9
EXP-AI-001,2026-09-19T134719,Anthurium_best,cpu,30,53.4547,0.0,19.9
EXP-AI-001,2026-09-19T134719,Anthurium_best,cpu,31,56.5576,0.0,19.9
EXP-AI-001,2026-09-19T134719,Anthurium_best,cpu,32,57.338,0.0,19.9
EXP-AI-001,2026-09-19T134719,Anthurium_best,cpu,33,53.5284,0.0,19.9
EXP-AI-001,2026-09-19T134719,Anthurium_best,cpu,34,56.9882,0.0,19.9
EXP-AI-001,2026-09-19T134719,Anthurium_best,cpu,35,53.5584,0.0,19.9
EXP-AI-001,2026-09-19T134719,Anthurium_best,cpu,36,55.7092,0.0,19.9
EXP-AI-001,2026-09-19T134719,Anthurium_best,cpu,37,57.8677,0.0,19.9
EXP-AI-001,2026-09-19T134719,Anthurium_best,cpu,38,58.1659,0.0,19.9
EXP-AI-001,2026-09-19T134719,Anthurium_best,cpu,39,53.5846,0.0,19.9
EXP-AI-001,2026-09-19T134719,Anthurium_best,cpu,40,56.0491,0.0,19.9
EXP-AI-001,2026-09-19T134719,Anthurium_best,cpu,41,56.2046,0.0,19.9
EXP-AI-001,2026-09-19T134719,Anthurium_best,cpu,42,56.2874,0.0,19.9
EXP-AI-001,2026-09-19T134719,Anthurium_best,cpu,43,59.955,0.0,19.9
EXP-AI-001,2026-09-19T134719,Anthurium_best,cpu,44,58.4315,0.0,19.9
EXP-AI-001,2026-09-19T134719,Anthurium_best,cpu,45,54.6829,0.0,19.9
EXP-AI-001,2026-09-19T134719,Anthurium_best,cpu,46,61.7697,0.0,19.9
EXP-AI-001,2026-09-19T134719,Anthurium_best,cpu,47,57.0043,0.0,19.9
EXP-AI-001,2026-09-19T134719,Anthurium_best,cpu,48,58.4568,0.0,19.9
EXP-AI-001,2026-09-19T134719,Anthurium_best,cpu,49,55.5037,0.0,19.9
EXP-AI-001,2026-09-19T134719,Anthurium_best,cpu,50,55.2048,0.0,19.9
EXP-AI-001,2026-09-19T134719,Anthurium_best,cpu,51,56.7097,0.0,19.9
EXP-AI-001,2026-09-19T134719,Anthurium_best,cpu,52,61.8678,0.0,19.9
EXP-AI-001,2026-09-19T134719,Anthurium_best,cpu,53,57.1451,0.0,19.9
EXP-AI-001,2026-09-19T134719,Anthurium_best,cpu,54,55.3385,0.0,19.9
EXP-AI-001,2026-09-19T134719,Anthurium_best,cpu,55,56.926,0.0,19.9
EXP-AI-001,2026-09-19T134719,Anthurium_best,cpu,56,56.8263,0.0,19.9
EXP-AI-001,2026-09-19T134719,Anthurium_best,cpu,57,57.24,0.0,19.9
EXP-AI-001,2026-09-19T134719,Anthurium_best,cpu,58,59.5762,0.0,19.9
EXP-AI-001,2026-09-19T134719,Anthurium_best,cpu,59,59.386,0.0,19.9
EXP-AI-001,2026-09-19T134719,Anthurium_best,cpu,60,56.915,0.0,19.9
EXP-AI-001,2026-09-19T134719,Anthurium_best,cpu,61,64.9224,0.0,19.9
EXP-AI-001,2026-09-19T134719,Anthurium_best,cpu,62,56.9825,0.0,19.9
EXP-AI-001,2026-09-19T134719,Anthurium_best,cpu,63,62.2312,0.0,19.9
EXP-AI-001,2026-09-19T134719,Anthurium_best,cpu,64,58.1032,0.0,19.9
EXP-AI-001,2026-09-19T134719,Anthurium_best,cpu,65,57.5537,0.0,19.9
EXP-AI-001,2026-09-19T134719,Anthurium_best,cpu,66,64.7164,0.0,19.9
EXP-AI-001,2026-09-19T134719,Anthurium_best,cpu,67,58.5269,0.0,19.9
EXP-AI-001,2026-09-19T134719,Anthurium_best,cpu,68,56.7367,0.0,19.9
EXP-AI-001,2026-09-19T134719,Anthurium_best,cpu,69,54.3786,0.0,19.9
EXP-AI-001,2026-09-19T134719,Anthurium_best,cpu,70,53.9278,0.0,19.9
EXP-AI-001,2026-09-19T134719,Anthurium_best,cpu,71,59.0258,0.0,19.9
EXP-AI-001,2026-09-19T134719,Anthurium_best,cpu,72,59.6025,0.0,19.9
EXP-AI-001,2026-09-19T134719,Anthurium_best,cpu,73,56.9122,0.0,19.9
EXP-AI-001,2026-09-19T134719,Anthurium_best,cpu,74,58.1981,0.0,19.9
EXP-AI-001,2026-09-19T134719,Anthurium_best,cpu,75,58.3703,0.0,19.9
EXP-AI-001,2026-09-19T134719,Anthurium_best,cpu,76,56.3733,0.0,19.9
EXP-AI-001,2026-09-19T134719,Anthurium_best,cpu,77,57.6244,0.0,19.9
EXP-AI-001,2026-09-19T134719,Anthurium_best,cpu,78,56.8016,0.0,19.9
EXP-AI-001,2026-09-19T134719,Anthurium_best,cpu,79,113.9644,0.0,19.9
EXP-AI-001,2026-09-19T134719,Anthurium_best,cpu,80,80.197,0.0,19.9
EXP-AI-001,2026-09-19T134719,Anthurium_best,cpu,81,56.8545,0.0,19.9
EXP-AI-001,2026-09-19T134719,Anthurium_best,cpu,82,58.1964,0.0,19.9
EXP-AI-001,2026-09-19T134719,Anthurium_best,cpu,83,56.0868,0.0,19.9
EXP-AI-001,2026-09-19T134719,Anthurium_best,cpu,84,57.872,0.0,19.9
EXP-AI-001,2026-09-19T134719,Anthurium_best,cpu,85,58.3393,0.0,19.9
EXP-AI-001,2026-09-19T134719,Anthurium_best,cpu,86,54.4819,0.0,19.9
EXP-AI-001,2026-09-19T134719,Anthurium_best,cpu,87,55.8427,0.0,19.9
EXP-AI-001,2026-09-19T134719,Anthurium_best,cpu,88,53.7705,0.0,19.9
EXP-AI-001,2026-09-19T134719,Anthurium_best,cpu,89,56.0222,0.0,19.9
EXP-AI-001,2026-09-19T134719,Anthurium_best,cpu,90,55.3342,0.0,19.9
EXP-AI-001,2026-09-19T134719,Anthurium_best,cpu,91,60.916,0.0,19.9
EXP-AI-001,2026-09-19T134719,Anthurium_best,cpu,92,53.6611,0.0,19.9
EXP-AI-001,2026-09-19T134719,Anthurium_best,cpu,93,58.1556,0.0,19.9
EXP-AI-001,2026-09-19T134719,Anthurium_best,cpu,94,53.6508,0.0,19.9
EXP-AI-001,2026-09-19T134719,Anthurium_best,cpu,95,58.8255,0.0,19.9
EXP-AI-001,2026-09-19T134719,Anthurium_best,cpu,96,64.2131,0.0,19.9
EXP-AI-001,2026-09-19T134719,Anthurium_best,cpu,97,58.9074,0.0,19.9
EXP-AI-001,2026-09-19T134719,Anthurium_best,cpu,98,55.8675,0.0,19.9
EXP-AI-001,2026-09-19T134719,Anthurium_best,cpu,99,58.821,0.0,19.9
EXP-AI-001,2026-09-19T134719,Anthurium_best,cpu,100,56.0508,0.0,19.9
EXP-AI-001,2026-09-19T134719,brinjai,cpu,1,56.3401,0.0,19.9
EXP-AI-001,2026-09-19T134719,brinjai,cpu,2,55.5927,0.0,19.9
EXP-AI-001,2026-09-19T134719,brinjai,cpu,3,56.1186,0.0,19.9
EXP-AI-001,2026-09-19T134719,brinjai,cpu,4,55.7013,0.0,19.9
EXP-AI-001,2026-09-19T134719,brinjai,cpu,5,56.4124,0.0,19.9
EXP-AI-001,2026-09-19T134719,brinjai,cpu,6,58.423,0.0,19.9
EXP-AI-001,2026-09-19T134719,brinjai,cpu,7,53.6725,0.0,19.9
EXP-AI-001,2026-09-19T134719,brinjai,cpu,8,54.1478,0.0,19.9
EXP-AI-001,2026-09-19T134719,brinjai,cpu,9,57.4637,0.0,19.9
EXP-AI-001,2026-09-19T134719,brinjai,cpu,10,55.8303,0.0,19.9
EXP-AI-001,2026-09-19T134719,brinjai,cpu,11,55.4482,0.0,19.9
EXP-AI-001,2026-09-19T134719,brinjai,cpu,12,55.4922,0.0,19.9
EXP-AI-001,2026-09-19T134719,brinjai,cpu,13,56.2281,0.0,19.9
EXP-AI-001,2026-09-19T134719,brinjai,cpu,14,53.5356,0.0,19.9
EXP-AI-001,2026-09-19T134719,brinjai,cpu,15,56.1515,0.0,19.9
EXP-AI-001,2026-09-19T134719,brinjai,cpu,16,53.9142,0.0,19.9
EXP-AI-001,2026-09-19T134719,brinjai,cpu,17,56.5817,0.0,19.9
EXP-AI-001,2026-09-19T134719,brinjai,cpu,18,60.2434,0.0,19.9
EXP-AI-001,2026-09-19T134719,brinjai,cpu,19,56.3559,0.0,19.9
EXP-AI-001,2026-09-19T134719,brinjai,cpu,20,57.13,0.0,19.9
EXP-AI-001,2026-09-19T134719,brinjai,cpu,21,56.8855,0.0,19.9
EXP-AI-001,2026-09-19T134719,brinjai,cpu,22,57.0708,0.0,19.9
EXP-AI-001,2026-09-19T134719,brinjai,cpu,23,58.2853,0.0,19.9
EXP-AI-001,2026-09-19T134719,brinjai,cpu,24,54.8452,0.0,19.9
EXP-AI-001,2026-09-19T134719,brinjai,cpu,25,57.7288,0.0,19.9
EXP-AI-001,2026-09-19T134719,brinjai,cpu,26,55.4959,0.0,19.9
EXP-AI-001,2026-09-19T134719,brinjai,cpu,27,57.3455,0.0,19.9
EXP-AI-001,2026-09-19T134719,brinjai,cpu,28,60.168,0.0,19.9
EXP-AI-001,2026-09-19T134719,brinjai,cpu,29,56.7588,0.0,19.9
EXP-AI-001,2026-09-19T134719,brinjai,cpu,30,59.5499,0.0,19.9
EXP-AI-001,2026-09-19T134719,brinjai,cpu,31,56.6423,0.0,19.9
EXP-AI-001,2026-09-19T134719,brinjai,cpu,32,56.939,0.0,19.9
EXP-AI-001,2026-09-19T134719,brinjai,cpu,33,55.0856,0.0,19.9
EXP-AI-001,2026-09-19T134719,brinjai,cpu,34,57.0898,0.0,19.9
EXP-AI-001,2026-09-19T134719,brinjai,cpu,35,60.1682,0.0,19.9
EXP-AI-001,2026-09-19T134719,brinjai,cpu,36,54.7103,0.0,19.9
EXP-AI-001,2026-09-19T134719,brinjai,cpu,37,57.785,0.0,19.9
EXP-AI-001,2026-09-19T134719,brinjai,cpu,38,57.2109,0.0,19.9
EXP-AI-001,2026-09-19T134719,brinjai,cpu,39,54.7419,0.0,19.9
EXP-AI-001,2026-09-19T134719,brinjai,cpu,40,57.6491,0.0,19.9
EXP-AI-001,2026-09-19T134719,brinjai,cpu,41,55.5311,0.0,19.9
EXP-AI-001,2026-09-19T134719,brinjai,cpu,42,56.9776,0.0,19.9
EXP-AI-001,2026-09-19T134719,brinjai,cpu,43,60.5755,0.0,19.9
EXP-AI-001,2026-09-19T134719,brinjai,cpu,44,55.71,0.0,19.9
EXP-AI-001,2026-09-19T134719,brinjai,cpu,45,60.463,0.0,19.9
EXP-AI-001,2026-09-19T134719,brinjai,cpu,46,56.5772,0.0,19.9
EXP-AI-001,2026-09-19T134719,brinjai,cpu,47,55.0738,0.0,19.9
EXP-AI-001,2026-09-19T134719,brinjai,cpu,48,54.56,0.0,19.9
EXP-AI-001,2026-09-19T134719,brinjai,cpu,49,61.3463,0.0,19.9
EXP-AI-001,2026-09-19T134719,brinjai,cpu,50,59.7906,0.0,19.9
EXP-AI-001,2026-09-19T134719,brinjai,cpu,51,56.8786,0.0,19.9
EXP-AI-001,2026-09-19T134719,brinjai,cpu,52,58.4509,0.0,19.9
EXP-AI-001,2026-09-19T134719,brinjai,cpu,53,56.2148,0.0,19.9
EXP-AI-001,2026-09-19T134719,brinjai,cpu,54,59.4106,0.0,19.9
EXP-AI-001,2026-09-19T134719,brinjai,cpu,55,59.9567,0.0,19.9
EXP-AI-001,2026-09-19T134719,brinjai,cpu,56,55.5035,0.0,19.9
EXP-AI-001,2026-09-19T134719,brinjai,cpu,57,56.6776,0.0,19.9
EXP-AI-001,2026-09-19T134719,brinjai,cpu,58,57.5041,0.0,19.9
EXP-AI-001,2026-09-19T134719,brinjai,cpu,59,56.576,0.0,19.9
EXP-AI-001,2026-09-19T134719,brinjai,cpu,60,56.6931,0.0,19.9
EXP-AI-001,2026-09-19T134719,brinjai,cpu,61,57.0853,0.0,19.9
EXP-AI-001,2026-09-19T134719,brinjai,cpu,62,62.6379,0.0,19.9
EXP-AI-001,2026-09-19T134719,brinjai,cpu,63,56.1389,0.0,19.9
EXP-AI-001,2026-09-19T134719,brinjai,cpu,64,59.6599,0.0,19.9
EXP-AI-001,2026-09-19T134719,brinjai,cpu,65,59.8259,0.0,19.9
EXP-AI-001,2026-09-19T134719,brinjai,cpu,66,58.4515,0.0,19.9
EXP-AI-001,2026-09-19T134719,brinjai,cpu,67,59.7445,0.0,19.9
EXP-AI-001,2026-09-19T134719,brinjai,cpu,68,56.8216,0.0,19.9
EXP-AI-001,2026-09-19T134719,brinjai,cpu,69,59.7474,0.0,19.9
EXP-AI-001,2026-09-19T134719,brinjai,cpu,70,57.5556,0.0,19.9
EXP-AI-001,2026-09-19T134719,brinjai,cpu,71,55.6579,0.0,19.9
EXP-AI-001,2026-09-19T134719,brinjai,cpu,72,57.9302,0.0,19.9
EXP-AI-001,2026-09-19T134719,brinjai,cpu,73,56.9143,0.0,19.9
EXP-AI-001,2026-09-19T134719,brinjai,cpu,74,57.0648,0.0,19.9
EXP-AI-001,2026-09-19T134719,brinjai,cpu,75,60.2678,0.0,19.9
EXP-AI-001,2026-09-19T134719,brinjai,cpu,76,54.6865,0.0,19.9
EXP-AI-001,2026-09-19T134719,brinjai,cpu,77,54.9573,0.0,19.9
EXP-AI-001,2026-09-19T134719,brinjai,cpu,78,57.1743,0.0,19.9
EXP-AI-001,2026-09-19T134719,brinjai,cpu,79,60.2809,0.0,19.9
EXP-AI-001,2026-09-19T134719,brinjai,cpu,80,57.9613,0.0,19.9
EXP-AI-001,2026-09-19T134719,brinjai,cpu,81,54.5982,0.0,19.9
EXP-AI-001,2026-09-19T134719,brinjai,cpu,82,56.64,0.0,19.9
EXP-AI-001,2026-09-19T134719,brinjai,cpu,83,68.6435,0.0,19.9
EXP-AI-001,2026-09-19T134719,brinjai,cpu,84,62.0065,0.0,19.9
EXP-AI-001,2026-09-19T134719,brinjai,cpu,85,54.712,0.0,19.9
EXP-AI-001,2026-09-19T134719,brinjai,cpu,86,59.1992,0.0,19.9
EXP-AI-001,2026-09-19T134719,brinjai,cpu,87,58.5921,0.0,19.9
EXP-AI-001,2026-09-19T134719,brinjai,cpu,88,55.8573,0.0,19.9
EXP-AI-001,2026-09-19T134719,brinjai,cpu,89,57.355,0.0,19.9
EXP-AI-001,2026-09-19T134719,brinjai,cpu,90,54.8537,0.0,19.9
EXP-AI-001,2026-09-19T134719,brinjai,cpu,91,58.0395,0.0,19.9
EXP-AI-001,2026-09-19T134719,brinjai,cpu,92,57.1152,0.0,19.9
EXP-AI-001,2026-09-19T134719,brinjai,cpu,93,57.2797,0.0,19.9
EXP-AI-001,2026-09-19T134719,brinjai,cpu,94,57.2002,0.0,19.9
EXP-AI-001,2026-09-19T134719,brinjai,cpu,95,56.969,0.0,19.9
EXP-AI-001,2026-09-19T134719,brinjai,cpu,96,57.4061,0.0,19.9
EXP-AI-001,2026-09-19T134719,brinjai,cpu,97,60.1483,0.0,19.9
EXP-AI-001,2026-09-19T134719,brinjai,cpu,98,56.858,0.0,19.9
EXP-AI-001,2026-09-19T134719,brinjai,cpu,99,57.0073,0.0,19.9
EXP-AI-001,2026-09-19T134719,brinjai,cpu,100,54.277,0.0,19.9
EXP-AI-001,2026-09-19T134719,cabbage_best,cpu,1,56.4299,0.0,19.9
EXP-AI-001,2026-09-19T134719,cabbage_best,cpu,2,56.2406,0.0,19.9
EXP-AI-001,2026-09-19T134719,cabbage_best,cpu,3,54.7266,0.0,19.9
EXP-AI-001,2026-09-19T134719,cabbage_best,cpu,4,55.7984,0.0,19.9
EXP-AI-001,2026-09-19T134719,cabbage_best,cpu,5,53.5044,0.0,19.9
EXP-AI-001,2026-09-19T134719,cabbage_best,cpu,6,58.0372,0.0,19.9
EXP-AI-001,2026-09-19T134719,cabbage_best,cpu,7,59.9758,0.0,19.9
EXP-AI-001,2026-09-19T134719,cabbage_best,cpu,8,55.9447,0.0,19.9
EXP-AI-001,2026-09-19T134719,cabbage_best,cpu,9,53.4714,0.0,19.9
EXP-AI-001,2026-09-19T134719,cabbage_best,cpu,10,58.8235,0.0,19.9
EXP-AI-001,2026-09-19T134719,cabbage_best,cpu,11,56.7515,0.0,19.9
EXP-AI-001,2026-09-19T134719,cabbage_best,cpu,12,53.653,0.0,19.9
EXP-AI-001,2026-09-19T134719,cabbage_best,cpu,13,53.4875,0.0,19.9
EXP-AI-001,2026-09-19T134719,cabbage_best,cpu,14,58.1297,0.0,19.9
EXP-AI-001,2026-09-19T134719,cabbage_best,cpu,15,55.4434,0.0,19.9
EXP-AI-001,2026-09-19T134719,cabbage_best,cpu,16,55.9856,0.0,19.9
EXP-AI-001,2026-09-19T134719,cabbage_best,cpu,17,55.09,0.0,19.9
EXP-AI-001,2026-09-19T134719,cabbage_best,cpu,18,56.6326,0.0,19.9
EXP-AI-001,2026-09-19T134719,cabbage_best,cpu,19,65.4227,0.0,19.9
EXP-AI-001,2026-09-19T134719,cabbage_best,cpu,20,65.5128,0.0,19.9
EXP-AI-001,2026-09-19T134719,cabbage_best,cpu,21,60.1649,0.0,19.9
EXP-AI-001,2026-09-19T134719,cabbage_best,cpu,22,54.5059,0.0,19.9
EXP-AI-001,2026-09-19T134719,cabbage_best,cpu,23,59.4859,0.0,19.9
EXP-AI-001,2026-09-19T134719,cabbage_best,cpu,24,54.4868,0.0,19.9
EXP-AI-001,2026-09-19T134719,cabbage_best,cpu,25,57.0544,0.0,19.9
EXP-AI-001,2026-09-19T134719,cabbage_best,cpu,26,59.6714,0.0,19.9
EXP-AI-001,2026-09-19T134719,cabbage_best,cpu,27,56.711,0.0,19.9
EXP-AI-001,2026-09-19T134719,cabbage_best,cpu,28,59.3064,0.0,19.9
EXP-AI-001,2026-09-19T134719,cabbage_best,cpu,29,55.9549,0.0,19.9
EXP-AI-001,2026-09-19T134719,cabbage_best,cpu,30,57.5545,0.0,19.9
EXP-AI-001,2026-09-19T134719,cabbage_best,cpu,31,56.5654,0.0,19.9
EXP-AI-001,2026-09-19T134719,cabbage_best,cpu,32,63.3672,0.0,19.9
EXP-AI-001,2026-09-19T134719,cabbage_best,cpu,33,57.6088,0.0,19.9
EXP-AI-001,2026-09-19T134719,cabbage_best,cpu,34,59.84,0.0,19.9
EXP-AI-001,2026-09-19T134719,cabbage_best,cpu,35,59.602,0.0,19.9
EXP-AI-001,2026-09-19T134719,cabbage_best,cpu,36,54.8451,0.0,19.9
EXP-AI-001,2026-09-19T134719,cabbage_best,cpu,37,57.983,0.0,19.9
EXP-AI-001,2026-09-19T134719,cabbage_best,cpu,38,56.5495,0.0,19.9
EXP-AI-001,2026-09-19T134719,cabbage_best,cpu,39,58.4234,0.0,19.9
EXP-AI-001,2026-09-19T134719,cabbage_best,cpu,40,60.0169,0.0,19.9
EXP-AI-001,2026-09-19T134719,cabbage_best,cpu,41,55.0469,0.0,19.9
EXP-AI-001,2026-09-19T134719,cabbage_best,cpu,42,54.6155,0.0,19.9
EXP-AI-001,2026-09-19T134719,cabbage_best,cpu,43,58.5836,0.0,19.9
EXP-AI-001,2026-09-19T134719,cabbage_best,cpu,44,56.6526,0.0,19.9
EXP-AI-001,2026-09-19T134719,cabbage_best,cpu,45,55.9792,0.0,19.9
EXP-AI-001,2026-09-19T134719,cabbage_best,cpu,46,58.3249,0.0,19.9
EXP-AI-001,2026-09-19T134719,cabbage_best,cpu,47,58.9853,0.0,19.9
EXP-AI-001,2026-09-19T134719,cabbage_best,cpu,48,59.1786,0.0,19.9
EXP-AI-001,2026-09-19T134719,cabbage_best,cpu,49,59.0385,0.0,19.9
EXP-AI-001,2026-09-19T134719,cabbage_best,cpu,50,59.37,0.0,19.9
EXP-AI-001,2026-09-19T134719,cabbage_best,cpu,51,60.0555,0.0,19.9
EXP-AI-001,2026-09-19T134719,cabbage_best,cpu,52,64.515,0.0,19.9
EXP-AI-001,2026-09-19T134719,cabbage_best,cpu,53,56.284,0.0,19.9
EXP-AI-001,2026-09-19T134719,cabbage_best,cpu,54,59.1668,0.0,19.9
EXP-AI-001,2026-09-19T134719,cabbage_best,cpu,55,57.0759,0.0,19.9
EXP-AI-001,2026-09-19T134719,cabbage_best,cpu,56,54.9685,0.0,19.9
EXP-AI-001,2026-09-19T134719,cabbage_best,cpu,57,56.8613,0.0,19.9
EXP-AI-001,2026-09-19T134719,cabbage_best,cpu,58,59.6967,0.0,19.9
EXP-AI-001,2026-09-19T134719,cabbage_best,cpu,59,59.9172,0.0,19.9
EXP-AI-001,2026-09-19T134719,cabbage_best,cpu,60,54.6266,0.0,19.9
EXP-AI-001,2026-09-19T134719,cabbage_best,cpu,61,54.8371,0.0,19.9
EXP-AI-001,2026-09-19T134719,cabbage_best,cpu,62,54.4944,0.0,19.9
EXP-AI-001,2026-09-19T134719,cabbage_best,cpu,63,55.8681,0.0,19.9
EXP-AI-001,2026-09-19T134719,cabbage_best,cpu,64,62.2982,0.0,19.9
EXP-AI-001,2026-09-19T134719,cabbage_best,cpu,65,60.2258,0.0,19.9
EXP-AI-001,2026-09-19T134719,cabbage_best,cpu,66,57.2892,0.0,19.9
EXP-AI-001,2026-09-19T134719,cabbage_best,cpu,67,54.743,0.0,19.9
EXP-AI-001,2026-09-19T134719,cabbage_best,cpu,68,55.1358,0.0,19.9
EXP-AI-001,2026-09-19T134719,cabbage_best,cpu,69,59.7688,0.0,19.9
EXP-AI-001,2026-09-19T134719,cabbage_best,cpu,70,55.3173,0.0,19.9
EXP-AI-001,2026-09-19T134719,cabbage_best,cpu,71,59.6619,0.0,19.9
EXP-AI-001,2026-09-19T134719,cabbage_best,cpu,72,57.5909,0.0,19.9
EXP-AI-001,2026-09-19T134719,cabbage_best,cpu,73,57.3646,0.0,19.9
EXP-AI-001,2026-09-19T134719,cabbage_best,cpu,74,61.5132,0.0,19.9
EXP-AI-001,2026-09-19T134719,cabbage_best,cpu,75,59.734,0.0,19.9
EXP-AI-001,2026-09-19T134719,cabbage_best,cpu,76,57.3213,0.0,19.9
EXP-AI-001,2026-09-19T134719,cabbage_best,cpu,77,57.5662,0.0,19.9
EXP-AI-001,2026-09-19T134719,cabbage_best,cpu,78,55.0552,0.0,19.9
EXP-AI-001,2026-09-19T134719,cabbage_best,cpu,79,59.2936,0.0,19.9
EXP-AI-001,2026-09-19T134719,cabbage_best,cpu,80,62.5195,0.0,19.9
EXP-AI-001,2026-09-19T134719,cabbage_best,cpu,81,64.495,0.0,19.9
EXP-AI-001,2026-09-19T134719,cabbage_best,cpu,82,56.0517,0.0,19.9
EXP-AI-001,2026-09-19T134719,cabbage_best,cpu,83,55.5096,0.0,19.9
EXP-AI-001,2026-09-19T134719,cabbage_best,cpu,84,55.2704,0.0,19.9
EXP-AI-001,2026-09-19T134719,cabbage_best,cpu,85,57.0001,0.0,19.9
EXP-AI-001,2026-09-19T134719,cabbage_best,cpu,86,57.1329,0.0,19.9
EXP-AI-001,2026-09-19T134719,cabbage_best,cpu,87,59.8246,0.0,19.9
EXP-AI-001,2026-09-19T134719,cabbage_best,cpu,88,59.0363,0.0,19.9
EXP-AI-001,2026-09-19T134719,cabbage_best,cpu,89,58.2656,0.0,19.9
EXP-AI-001,2026-09-19T134719,cabbage_best,cpu,90,54.8434,0.0,19.9
EXP-AI-001,2026-09-19T134719,cabbage_best,cpu,91,59.8233,0.0,19.9
EXP-AI-001,2026-09-19T134719,cabbage_best,cpu,92,54.9781,0.0,19.9
EXP-AI-001,2026-09-19T134719,cabbage_best,cpu,93,60.0334,0.0,19.9
EXP-AI-001,2026-09-19T134719,cabbage_best,cpu,94,58.9888,0.0,19.9
EXP-AI-001,2026-09-19T134719,cabbage_best,cpu,95,56.6464,0.0,19.9
EXP-AI-001,2026-09-19T134719,cabbage_best,cpu,96,57.1394,0.0,19.9
EXP-AI-001,2026-09-19T134719,cabbage_best,cpu,97,59.3694,0.0,19.9
EXP-AI-001,2026-09-19T134719,cabbage_best,cpu,98,56.9387,0.0,19.9
EXP-AI-001,2026-09-19T134719,cabbage_best,cpu,99,54.7361,0.0,19.9
EXP-AI-001,2026-09-19T134719,cabbage_best,cpu,100,58.6026,0.0,19.9
EXP-AI-001,2026-09-19T134719,capsium,cpu,1,60.8226,0.0,19.9
EXP-AI-001,2026-09-19T134719,capsium,cpu,2,57.4195,0.0,19.9
EXP-AI-001,2026-09-19T134719,capsium,cpu,3,57.6656,0.0,19.9
EXP-AI-001,2026-09-19T134719,capsium,cpu,4,58.8178,0.0,19.9
EXP-AI-001,2026-09-19T134719,capsium,cpu,5,64.2215,0.0,19.9
EXP-AI-001,2026-09-19T134719,capsium,cpu,6,58.8831,0.0,19.9
EXP-AI-001,2026-09-19T134719,capsium,cpu,7,58.2286,0.0,19.9
EXP-AI-001,2026-09-19T134719,capsium,cpu,8,58.2948,0.0,19.9
EXP-AI-001,2026-09-19T134719,capsium,cpu,9,61.0832,0.0,19.9
EXP-AI-001,2026-09-19T134719,capsium,cpu,10,56.9501,0.0,19.9
EXP-AI-001,2026-09-19T134719,capsium,cpu,11,58.8339,0.0,19.9
EXP-AI-001,2026-09-19T134719,capsium,cpu,12,55.9645,0.0,19.9
EXP-AI-001,2026-09-19T134719,capsium,cpu,13,60.6939,0.0,19.9
EXP-AI-001,2026-09-19T134719,capsium,cpu,14,59.866,0.0,19.9
EXP-AI-001,2026-09-19T134719,capsium,cpu,15,60.1459,0.0,19.9
EXP-AI-001,2026-09-19T134719,capsium,cpu,16,56.7254,0.0,19.9
EXP-AI-001,2026-09-19T134719,capsium,cpu,17,59.6699,0.0,19.9
EXP-AI-001,2026-09-19T134719,capsium,cpu,18,58.9107,0.0,19.9
EXP-AI-001,2026-09-19T134719,capsium,cpu,19,57.4098,0.0,19.9
EXP-AI-001,2026-09-19T134719,capsium,cpu,20,61.3535,0.0,19.9
EXP-AI-001,2026-09-19T134719,capsium,cpu,21,58.184,0.0,19.9
EXP-AI-001,2026-09-19T134719,capsium,cpu,22,57.9691,0.0,19.9
EXP-AI-001,2026-09-19T134719,capsium,cpu,23,55.6846,0.0,19.9
EXP-AI-001,2026-09-19T134719,capsium,cpu,24,61.1883,0.0,19.9
EXP-AI-001,2026-09-19T134719,capsium,cpu,25,59.7207,0.0,19.9
EXP-AI-001,2026-09-19T134719,capsium,cpu,26,57.9432,0.0,19.9
EXP-AI-001,2026-09-19T134719,capsium,cpu,27,62.5976,0.0,19.9
EXP-AI-001,2026-09-19T134719,capsium,cpu,28,59.7734,0.0,19.9
EXP-AI-001,2026-09-19T134719,capsium,cpu,29,56.114,0.0,19.9
EXP-AI-001,2026-09-19T134719,capsium,cpu,30,72.3053,0.0,19.9
EXP-AI-001,2026-09-19T134719,capsium,cpu,31,58.8403,0.0,19.9
EXP-AI-001,2026-09-19T134719,capsium,cpu,32,58.5772,0.0,19.9
EXP-AI-001,2026-09-19T134719,capsium,cpu,33,61.3168,0.0,19.9
EXP-AI-001,2026-09-19T134719,capsium,cpu,34,65.1187,0.0,19.9
EXP-AI-001,2026-09-19T134719,capsium,cpu,35,58.3422,0.0,19.9
EXP-AI-001,2026-09-19T134719,capsium,cpu,36,57.4941,0.0,19.9
EXP-AI-001,2026-09-19T134719,capsium,cpu,37,57.4979,0.0,19.9
EXP-AI-001,2026-09-19T134719,capsium,cpu,38,60.9484,0.0,19.9
EXP-AI-001,2026-09-19T134719,capsium,cpu,39,59.0933,0.0,19.9
EXP-AI-001,2026-09-19T134719,capsium,cpu,40,58.1207,0.0,19.9
EXP-AI-001,2026-09-19T134719,capsium,cpu,41,60.8613,0.0,19.9
EXP-AI-001,2026-09-19T134719,capsium,cpu,42,59.6252,0.0,19.9
EXP-AI-001,2026-09-19T134719,capsium,cpu,43,58.4225,0.0,19.9
EXP-AI-001,2026-09-19T134719,capsium,cpu,44,55.9398,0.0,19.9
EXP-AI-001,2026-09-19T134719,capsium,cpu,45,59.5001,0.0,19.9
EXP-AI-001,2026-09-19T134719,capsium,cpu,46,59.2803,0.0,19.9
EXP-AI-001,2026-09-19T134719,capsium,cpu,47,57.7807,0.0,19.9
EXP-AI-001,2026-09-19T134719,capsium,cpu,48,56.2319,0.0,19.9
EXP-AI-001,2026-09-19T134719,capsium,cpu,49,59.3758,0.0,19.9
EXP-AI-001,2026-09-19T134719,capsium,cpu,50,60.4033,0.0,19.9
EXP-AI-001,2026-09-19T134719,capsium,cpu,51,57.9911,0.0,19.9
EXP-AI-001,2026-09-19T134719,capsium,cpu,52,60.0841,0.0,19.9
EXP-AI-001,2026-09-19T134719,capsium,cpu,53,56.2177,0.0,19.9
EXP-AI-001,2026-09-19T134719,capsium,cpu,54,61.0572,0.0,19.9
EXP-AI-001,2026-09-19T134719,capsium,cpu,55,58.0455,0.0,19.9
EXP-AI-001,2026-09-19T134719,capsium,cpu,56,59.3841,0.0,19.9
EXP-AI-001,2026-09-19T134719,capsium,cpu,57,57.8038,0.0,19.9
EXP-AI-001,2026-09-19T134719,capsium,cpu,58,58.0862,0.0,19.9
EXP-AI-001,2026-09-19T134719,capsium,cpu,59,57.9748,0.0,19.9
EXP-AI-001,2026-09-19T134719,capsium,cpu,60,58.6594,0.0,19.9
EXP-AI-001,2026-09-19T134719,capsium,cpu,61,61.2515,0.0,19.9
EXP-AI-001,2026-09-19T134719,capsium,cpu,62,56.1959,0.0,19.9
EXP-AI-001,2026-09-19T134719,capsium,cpu,63,61.3009,0.0,19.9
EXP-AI-001,2026-09-19T134719,capsium,cpu,64,58.4568,0.0,19.9
EXP-AI-001,2026-09-19T134719,capsium,cpu,65,58.35,0.0,19.9
EXP-AI-001,2026-09-19T134719,capsium,cpu,66,58.7818,0.0,19.9
EXP-AI-001,2026-09-19T134719,capsium,cpu,67,64.9872,0.0,19.9
EXP-AI-001,2026-09-19T134719,capsium,cpu,68,56.0778,0.0,19.9
EXP-AI-001,2026-09-19T134719,capsium,cpu,69,59.9731,0.0,19.9
EXP-AI-001,2026-09-19T134719,capsium,cpu,70,63.3771,0.0,19.9
EXP-AI-001,2026-09-19T134719,capsium,cpu,71,57.13,0.0,19.9
EXP-AI-001,2026-09-19T134719,capsium,cpu,72,56.7253,0.0,19.9
EXP-AI-001,2026-09-19T134719,capsium,cpu,73,58.0319,0.0,19.9
EXP-AI-001,2026-09-19T134719,capsium,cpu,74,58.3335,0.0,19.9
EXP-AI-001,2026-09-19T134719,capsium,cpu,75,55.8351,0.0,19.9
EXP-AI-001,2026-09-19T134719,capsium,cpu,76,59.8005,0.0,19.9
EXP-AI-001,2026-09-19T134719,capsium,cpu,77,58.2006,0.0,19.9
EXP-AI-001,2026-09-19T134719,capsium,cpu,78,60.3089,0.0,19.9
EXP-AI-001,2026-09-19T134719,capsium,cpu,79,56.2672,0.0,19.9
EXP-AI-001,2026-09-19T134719,capsium,cpu,80,61.5805,0.0,19.9
EXP-AI-001,2026-09-19T134719,capsium,cpu,81,60.4474,0.0,19.9
EXP-AI-001,2026-09-19T134719,capsium,cpu,82,58.6924,0.0,19.9
EXP-AI-001,2026-09-19T134719,capsium,cpu,83,61.0511,0.0,19.9
EXP-AI-001,2026-09-19T134719,capsium,cpu,84,60.5341,0.0,19.9
EXP-AI-001,2026-09-19T134719,capsium,cpu,85,56.3204,0.0,19.9
EXP-AI-001,2026-09-19T134719,capsium,cpu,86,60.013,0.0,19.9
EXP-AI-001,2026-09-19T134719,capsium,cpu,87,55.5087,0.0,19.9
EXP-AI-001,2026-09-19T134719,capsium,cpu,88,57.4755,0.0,19.9
EXP-AI-001,2026-09-19T134719,capsium,cpu,89,57.1063,0.0,19.9
EXP-AI-001,2026-09-19T134719,capsium,cpu,90,69.7736,0.0,19.9
EXP-AI-001,2026-09-19T134719,capsium,cpu,91,60.3496,0.0,19.9
EXP-AI-001,2026-09-19T134719,capsium,cpu,92,60.3662,0.0,19.9
EXP-AI-001,2026-09-19T134719,capsium,cpu,93,61.2565,0.0,19.9
EXP-AI-001,2026-09-19T134719,capsium,cpu,94,57.6812,0.0,19.9
EXP-AI-001,2026-09-19T134719,capsium,cpu,95,56.0948,0.0,19.9
EXP-AI-001,2026-09-19T134719,capsium,cpu,96,57.8324,0.0,19.9
EXP-AI-001,2026-09-19T134719,capsium,cpu,97,57.3004,0.0,19.9
EXP-AI-001,2026-09-19T134719,capsium,cpu,98,60.5082,0.0,19.9
EXP-AI-001,2026-09-19T134719,capsium,cpu,99,55.751,0.0,19.9
EXP-AI-001,2026-09-19T134719,capsium,cpu,100,55.613,0.0,19.9
EXP-AI-001,2026-09-19T134719,carrot_best,cpu,1,54.7374,0.0,19.9
EXP-AI-001,2026-09-19T134719,carrot_best,cpu,2,58.0321,0.0,19.9
EXP-AI-001,2026-09-19T134719,carrot_best,cpu,3,56.4311,0.0,19.9
EXP-AI-001,2026-09-19T134719,carrot_best,cpu,4,54.2418,0.0,19.9
EXP-AI-001,2026-09-19T134719,carrot_best,cpu,5,57.222,0.0,19.9
EXP-AI-001,2026-09-19T134719,carrot_best,cpu,6,54.7898,0.0,19.9
EXP-AI-001,2026-09-19T134719,carrot_best,cpu,7,56.9328,0.0,19.9
EXP-AI-001,2026-09-19T134719,carrot_best,cpu,8,59.0018,0.0,19.9
EXP-AI-001,2026-09-19T134719,carrot_best,cpu,9,57.3744,0.0,19.9
EXP-AI-001,2026-09-19T134719,carrot_best,cpu,10,57.6669,0.0,19.9
EXP-AI-001,2026-09-19T134719,carrot_best,cpu,11,57.1385,0.0,19.9
EXP-AI-001,2026-09-19T134719,carrot_best,cpu,12,56.6695,0.0,19.9
EXP-AI-001,2026-09-19T134719,carrot_best,cpu,13,54.9706,0.0,19.9
EXP-AI-001,2026-09-19T134719,carrot_best,cpu,14,57.3581,0.0,19.9
EXP-AI-001,2026-09-19T134719,carrot_best,cpu,15,58.7068,0.0,19.9
EXP-AI-001,2026-09-19T134719,carrot_best,cpu,16,55.1597,0.0,19.9
EXP-AI-001,2026-09-19T134719,carrot_best,cpu,17,61.2321,0.0,19.9
EXP-AI-001,2026-09-19T134719,carrot_best,cpu,18,58.8229,0.0,19.9
EXP-AI-001,2026-09-19T134719,carrot_best,cpu,19,57.7673,0.0,19.9
EXP-AI-001,2026-09-19T134719,carrot_best,cpu,20,57.4203,0.0,19.9
EXP-AI-001,2026-09-19T134719,carrot_best,cpu,21,55.0013,0.0,19.9
EXP-AI-001,2026-09-19T134719,carrot_best,cpu,22,56.6995,0.0,19.9
EXP-AI-001,2026-09-19T134719,carrot_best,cpu,23,59.1073,0.0,19.9
EXP-AI-001,2026-09-19T134719,carrot_best,cpu,24,54.6203,0.0,19.9
EXP-AI-001,2026-09-19T134719,carrot_best,cpu,25,56.8259,0.0,19.9
EXP-AI-001,2026-09-19T134719,carrot_best,cpu,26,56.417,0.0,19.9
EXP-AI-001,2026-09-19T134719,carrot_best,cpu,27,59.6972,0.0,19.9
EXP-AI-001,2026-09-19T134719,carrot_best,cpu,28,57.9168,0.0,19.9
EXP-AI-001,2026-09-19T134719,carrot_best,cpu,29,59.6852,0.0,19.9
EXP-AI-001,2026-09-19T134719,carrot_best,cpu,30,63.1056,0.0,19.9
EXP-AI-001,2026-09-19T134719,carrot_best,cpu,31,57.767,0.0,19.9
EXP-AI-001,2026-09-19T134719,carrot_best,cpu,32,57.1211,0.0,19.9
EXP-AI-001,2026-09-19T134719,carrot_best,cpu,33,57.4702,0.0,19.9
EXP-AI-001,2026-09-19T134719,carrot_best,cpu,34,54.4499,0.0,19.9
EXP-AI-001,2026-09-19T134719,carrot_best,cpu,35,57.8717,0.0,19.9
EXP-AI-001,2026-09-19T134719,carrot_best,cpu,36,56.4157,0.0,19.9
EXP-AI-001,2026-09-19T134719,carrot_best,cpu,37,58.5168,0.0,19.9
EXP-AI-001,2026-09-19T134719,carrot_best,cpu,38,54.3178,0.0,19.9
EXP-AI-001,2026-09-19T134719,carrot_best,cpu,39,59.4888,0.0,19.9
EXP-AI-001,2026-09-19T134719,carrot_best,cpu,40,57.5207,0.0,19.9
EXP-AI-001,2026-09-19T134719,carrot_best,cpu,41,58.1442,0.0,19.9
EXP-AI-001,2026-09-19T134719,carrot_best,cpu,42,56.9639,0.0,19.9
EXP-AI-001,2026-09-19T134719,carrot_best,cpu,43,54.212,0.0,19.9
EXP-AI-001,2026-09-19T134719,carrot_best,cpu,44,63.5491,0.0,19.9
EXP-AI-001,2026-09-19T134719,carrot_best,cpu,45,54.8202,0.0,19.9
EXP-AI-001,2026-09-19T134719,carrot_best,cpu,46,59.4404,0.0,19.9
EXP-AI-001,2026-09-19T134719,carrot_best,cpu,47,54.8533,0.0,19.9
EXP-AI-001,2026-09-19T134719,carrot_best,cpu,48,58.8569,0.0,19.9
EXP-AI-001,2026-09-19T134719,carrot_best,cpu,49,55.4365,0.0,19.9
EXP-AI-001,2026-09-19T134719,carrot_best,cpu,50,56.4841,0.0,19.9
EXP-AI-001,2026-09-19T134719,carrot_best,cpu,51,57.2811,0.0,19.9
EXP-AI-001,2026-09-19T134719,carrot_best,cpu,52,59.0794,0.0,19.9
EXP-AI-001,2026-09-19T134719,carrot_best,cpu,53,57.7656,0.0,19.9
EXP-AI-001,2026-09-19T134719,carrot_best,cpu,54,58.5445,0.0,19.9
EXP-AI-001,2026-09-19T134719,carrot_best,cpu,55,57.7676,0.0,19.9
EXP-AI-001,2026-09-19T134719,carrot_best,cpu,56,58.6621,0.0,19.9
EXP-AI-001,2026-09-19T134719,carrot_best,cpu,57,60.8408,0.0,19.9
EXP-AI-001,2026-09-19T134719,carrot_best,cpu,58,76.986,0.0,19.9
EXP-AI-001,2026-09-19T134719,carrot_best,cpu,59,59.652,0.0,19.9
EXP-AI-001,2026-09-19T134719,carrot_best,cpu,60,55.6692,0.0,19.9
EXP-AI-001,2026-09-19T134719,carrot_best,cpu,61,55.8847,0.0,19.9
EXP-AI-001,2026-09-19T134719,carrot_best,cpu,62,58.1706,0.0,19.9
EXP-AI-001,2026-09-19T134719,carrot_best,cpu,63,56.5302,0.0,19.9
EXP-AI-001,2026-09-19T134719,carrot_best,cpu,64,57.5623,0.0,19.9
EXP-AI-001,2026-09-19T134719,carrot_best,cpu,65,55.6326,0.0,19.9
EXP-AI-001,2026-09-19T134719,carrot_best,cpu,66,57.0521,0.0,19.9
EXP-AI-001,2026-09-19T134719,carrot_best,cpu,67,63.0829,0.0,19.9
EXP-AI-001,2026-09-19T134719,carrot_best,cpu,68,56.7808,0.0,19.9
EXP-AI-001,2026-09-19T134719,carrot_best,cpu,69,57.9378,0.0,19.9
EXP-AI-001,2026-09-19T134719,carrot_best,cpu,70,54.2461,0.0,19.9
EXP-AI-001,2026-09-19T134719,carrot_best,cpu,71,59.3263,0.0,19.9
EXP-AI-001,2026-09-19T134719,carrot_best,cpu,72,57.9766,0.0,19.9
EXP-AI-001,2026-09-19T134719,carrot_best,cpu,73,55.1432,0.0,19.9
EXP-AI-001,2026-09-19T134719,carrot_best,cpu,74,56.7051,0.0,19.9
EXP-AI-001,2026-09-19T134719,carrot_best,cpu,75,59.537,0.0,19.9
EXP-AI-001,2026-09-19T134719,carrot_best,cpu,76,54.4398,0.0,19.9
EXP-AI-001,2026-09-19T134719,carrot_best,cpu,77,56.9184,0.0,19.9
EXP-AI-001,2026-09-19T134719,carrot_best,cpu,78,59.7103,0.0,19.9
EXP-AI-001,2026-09-19T134719,carrot_best,cpu,79,55.3898,0.0,19.9
EXP-AI-001,2026-09-19T134719,carrot_best,cpu,80,57.9605,0.0,19.9
EXP-AI-001,2026-09-19T134719,carrot_best,cpu,81,56.4706,0.0,19.9
EXP-AI-001,2026-09-19T134719,carrot_best,cpu,82,54.9274,0.0,19.9
EXP-AI-001,2026-09-19T134719,carrot_best,cpu,83,54.7529,0.0,19.9
EXP-AI-001,2026-09-19T134719,carrot_best,cpu,84,58.3732,0.0,19.9
EXP-AI-001,2026-09-19T134719,carrot_best,cpu,85,55.1547,0.0,19.9
EXP-AI-001,2026-09-19T134719,carrot_best,cpu,86,58.7686,0.0,19.9
EXP-AI-001,2026-09-19T134719,carrot_best,cpu,87,54.3785,0.0,19.9
EXP-AI-001,2026-09-19T134719,carrot_best,cpu,88,60.0573,0.0,19.9
EXP-AI-001,2026-09-19T134719,carrot_best,cpu,89,73.6296,0.0,19.9
EXP-AI-001,2026-09-19T134719,carrot_best,cpu,90,57.542,0.0,19.9
EXP-AI-001,2026-09-19T134719,carrot_best,cpu,91,59.0942,0.0,19.9
EXP-AI-001,2026-09-19T134719,carrot_best,cpu,92,60.0027,0.0,19.9
EXP-AI-001,2026-09-19T134719,carrot_best,cpu,93,59.1911,0.0,19.9
EXP-AI-001,2026-09-19T134719,carrot_best,cpu,94,59.1865,0.0,19.9
EXP-AI-001,2026-09-19T134719,carrot_best,cpu,95,56.5416,0.0,19.9
EXP-AI-001,2026-09-19T134719,carrot_best,cpu,96,56.7127,0.0,19.9
EXP-AI-001,2026-09-19T134719,carrot_best,cpu,97,57.1842,0.0,19.9
EXP-AI-001,2026-09-19T134719,carrot_best,cpu,98,57.7468,0.0,19.9
EXP-AI-001,2026-09-19T134719,carrot_best,cpu,99,59.1377,0.0,19.9
EXP-AI-001,2026-09-19T134719,carrot_best,cpu,100,54.6289,0.0,19.9
EXP-AI-001,2026-09-19T134719,cauliflower_best,cpu,1,61.6113,0.0,19.9
EXP-AI-001,2026-09-19T134719,cauliflower_best,cpu,2,57.5992,0.0,19.9
EXP-AI-001,2026-09-19T134719,cauliflower_best,cpu,3,59.7016,0.0,19.9
EXP-AI-001,2026-09-19T134719,cauliflower_best,cpu,4,58.4271,0.0,19.9
EXP-AI-001,2026-09-19T134719,cauliflower_best,cpu,5,57.2957,0.0,19.9
EXP-AI-001,2026-09-19T134719,cauliflower_best,cpu,6,58.2572,0.0,19.9
EXP-AI-001,2026-09-19T134719,cauliflower_best,cpu,7,57.7748,0.0,19.9
EXP-AI-001,2026-09-19T134719,cauliflower_best,cpu,8,57.3827,0.0,19.9
EXP-AI-001,2026-09-19T134719,cauliflower_best,cpu,9,55.1621,0.0,19.9
EXP-AI-001,2026-09-19T134719,cauliflower_best,cpu,10,56.1379,0.0,19.9
EXP-AI-001,2026-09-19T134719,cauliflower_best,cpu,11,55.8036,0.0,19.9
EXP-AI-001,2026-09-19T134719,cauliflower_best,cpu,12,57.1305,0.0,19.9
EXP-AI-001,2026-09-19T134719,cauliflower_best,cpu,13,54.745,0.0,19.9
EXP-AI-001,2026-09-19T134719,cauliflower_best,cpu,14,55.052,0.0,19.9
EXP-AI-001,2026-09-19T134719,cauliflower_best,cpu,15,55.2347,0.0,19.9
EXP-AI-001,2026-09-19T134719,cauliflower_best,cpu,16,63.0568,0.0,19.9
EXP-AI-001,2026-09-19T134719,cauliflower_best,cpu,17,57.7715,0.0,19.9
EXP-AI-001,2026-09-19T134719,cauliflower_best,cpu,18,54.7689,0.0,19.9
EXP-AI-001,2026-09-19T134719,cauliflower_best,cpu,19,57.2181,0.0,19.9
EXP-AI-001,2026-09-19T134719,cauliflower_best,cpu,20,57.5807,0.0,19.9
EXP-AI-001,2026-09-19T134719,cauliflower_best,cpu,21,57.5324,0.0,19.9
EXP-AI-001,2026-09-19T134719,cauliflower_best,cpu,22,54.8088,0.0,19.9
EXP-AI-001,2026-09-19T134719,cauliflower_best,cpu,23,56.7382,0.0,19.9
EXP-AI-001,2026-09-19T134719,cauliflower_best,cpu,24,55.3731,0.0,19.9
EXP-AI-001,2026-09-19T134719,cauliflower_best,cpu,25,55.1718,0.0,19.9
EXP-AI-001,2026-09-19T134719,cauliflower_best,cpu,26,58.8806,0.0,19.9
EXP-AI-001,2026-09-19T134719,cauliflower_best,cpu,27,56.8291,0.0,19.9
EXP-AI-001,2026-09-19T134719,cauliflower_best,cpu,28,55.3627,0.0,19.9
EXP-AI-001,2026-09-19T134719,cauliflower_best,cpu,29,55.5733,0.0,19.9
EXP-AI-001,2026-09-19T134719,cauliflower_best,cpu,30,57.5211,0.0,19.9
EXP-AI-001,2026-09-19T134719,cauliflower_best,cpu,31,57.0075,0.0,19.9
EXP-AI-001,2026-09-19T134719,cauliflower_best,cpu,32,56.865,0.0,19.9
EXP-AI-001,2026-09-19T134719,cauliflower_best,cpu,33,57.7313,0.0,19.9
EXP-AI-001,2026-09-19T134719,cauliflower_best,cpu,34,56.909,0.0,19.9
EXP-AI-001,2026-09-19T134719,cauliflower_best,cpu,35,56.8981,0.0,19.9
EXP-AI-001,2026-09-19T134719,cauliflower_best,cpu,36,60.0093,0.0,19.9
EXP-AI-001,2026-09-19T134719,cauliflower_best,cpu,37,57.2394,0.0,19.9
EXP-AI-001,2026-09-19T134719,cauliflower_best,cpu,38,58.7015,0.0,19.9
EXP-AI-001,2026-09-19T134719,cauliflower_best,cpu,39,58.3119,0.0,19.9
EXP-AI-001,2026-09-19T134719,cauliflower_best,cpu,40,59.5726,0.0,19.9
EXP-AI-001,2026-09-19T134719,cauliflower_best,cpu,41,56.8692,0.0,19.9
EXP-AI-001,2026-09-19T134719,cauliflower_best,cpu,42,59.3309,0.0,19.9
EXP-AI-001,2026-09-19T134719,cauliflower_best,cpu,43,55.2105,0.0,19.9
EXP-AI-001,2026-09-19T134719,cauliflower_best,cpu,44,55.1713,0.0,19.9
EXP-AI-001,2026-09-19T134719,cauliflower_best,cpu,45,61.3419,0.0,19.9
EXP-AI-001,2026-09-19T134719,cauliflower_best,cpu,46,56.4963,0.0,19.9
EXP-AI-001,2026-09-19T134719,cauliflower_best,cpu,47,59.3392,0.0,19.9
EXP-AI-001,2026-09-19T134719,cauliflower_best,cpu,48,57.2283,0.0,19.9
EXP-AI-001,2026-09-19T134719,cauliflower_best,cpu,49,56.2951,0.0,19.9
EXP-AI-001,2026-09-19T134719,cauliflower_best,cpu,50,57.9405,0.0,19.9
EXP-AI-001,2026-09-19T134719,cauliflower_best,cpu,51,60.1083,0.0,19.9
EXP-AI-001,2026-09-19T134719,cauliflower_best,cpu,52,58.4477,0.0,19.9
EXP-AI-001,2026-09-19T134719,cauliflower_best,cpu,53,56.4292,0.0,19.9
EXP-AI-001,2026-09-19T134719,cauliflower_best,cpu,54,58.4828,0.0,19.9
EXP-AI-001,2026-09-19T134719,cauliflower_best,cpu,55,54.8485,0.0,19.9
EXP-AI-001,2026-09-19T134719,cauliflower_best,cpu,56,55.8008,0.0,19.9
EXP-AI-001,2026-09-19T134719,cauliflower_best,cpu,57,54.9703,0.0,19.9
EXP-AI-001,2026-09-19T134719,cauliflower_best,cpu,58,57.1252,0.0,19.9
EXP-AI-001,2026-09-19T134719,cauliflower_best,cpu,59,61.9999,0.0,19.9
EXP-AI-001,2026-09-19T134719,cauliflower_best,cpu,60,61.9217,0.0,19.9
EXP-AI-001,2026-09-19T134719,cauliflower_best,cpu,61,59.4926,0.0,19.9
EXP-AI-001,2026-09-19T134719,cauliflower_best,cpu,62,54.6299,0.0,19.9
EXP-AI-001,2026-09-19T134719,cauliflower_best,cpu,63,56.6199,0.0,19.9
EXP-AI-001,2026-09-19T134719,cauliflower_best,cpu,64,60.1481,0.0,19.9
EXP-AI-001,2026-09-19T134719,cauliflower_best,cpu,65,57.9906,0.0,19.9
EXP-AI-001,2026-09-19T134719,cauliflower_best,cpu,66,55.2059,0.0,19.9
EXP-AI-001,2026-09-19T134719,cauliflower_best,cpu,67,56.9889,0.0,19.9
EXP-AI-001,2026-09-19T134719,cauliflower_best,cpu,68,56.9633,0.0,19.9
EXP-AI-001,2026-09-19T134719,cauliflower_best,cpu,69,54.913,0.0,19.9
EXP-AI-001,2026-09-19T134719,cauliflower_best,cpu,70,62.3458,0.0,19.9
EXP-AI-001,2026-09-19T134719,cauliflower_best,cpu,71,61.5137,0.0,19.9
EXP-AI-001,2026-09-19T134719,cauliflower_best,cpu,72,58.9433,0.0,19.9
EXP-AI-001,2026-09-19T134719,cauliflower_best,cpu,73,62.6095,0.0,19.9
EXP-AI-001,2026-09-19T134719,cauliflower_best,cpu,74,54.8872,0.0,19.9
EXP-AI-001,2026-09-19T134719,cauliflower_best,cpu,75,60.6161,0.0,19.9
EXP-AI-001,2026-09-19T134719,cauliflower_best,cpu,76,55.628,0.0,19.9
EXP-AI-001,2026-09-19T134719,cauliflower_best,cpu,77,55.4678,0.0,19.9
EXP-AI-001,2026-09-19T134719,cauliflower_best,cpu,78,59.367,0.0,19.9
EXP-AI-001,2026-09-19T134719,cauliflower_best,cpu,79,54.7558,0.0,19.9
EXP-AI-001,2026-09-19T134719,cauliflower_best,cpu,80,61.3542,0.0,19.9
EXP-AI-001,2026-09-19T134719,cauliflower_best,cpu,81,57.664,0.0,19.9
EXP-AI-001,2026-09-19T134719,cauliflower_best,cpu,82,60.0888,0.0,19.9
EXP-AI-001,2026-09-19T134719,cauliflower_best,cpu,83,59.7236,0.0,19.9
EXP-AI-001,2026-09-19T134719,cauliflower_best,cpu,84,59.4112,0.0,19.9
EXP-AI-001,2026-09-19T134719,cauliflower_best,cpu,85,56.6228,0.0,19.9
EXP-AI-001,2026-09-19T134719,cauliflower_best,cpu,86,57.5938,0.0,19.9
EXP-AI-001,2026-09-19T134719,cauliflower_best,cpu,87,58.492,0.0,19.9
EXP-AI-001,2026-09-19T134719,cauliflower_best,cpu,88,62.3821,0.0,19.9
EXP-AI-001,2026-09-19T134719,cauliflower_best,cpu,89,55.0393,0.0,19.9
EXP-AI-001,2026-09-19T134719,cauliflower_best,cpu,90,55.3078,0.0,19.9
EXP-AI-001,2026-09-19T134719,cauliflower_best,cpu,91,59.7593,0.0,19.9
EXP-AI-001,2026-09-19T134719,cauliflower_best,cpu,92,54.8736,0.0,19.9
EXP-AI-001,2026-09-19T134719,cauliflower_best,cpu,93,57.3188,0.0,19.9
EXP-AI-001,2026-09-19T134719,cauliflower_best,cpu,94,57.2123,0.0,19.9
EXP-AI-001,2026-09-19T134719,cauliflower_best,cpu,95,57.2542,0.0,19.9
EXP-AI-001,2026-09-19T134719,cauliflower_best,cpu,96,54.6286,0.0,19.9
EXP-AI-001,2026-09-19T134719,cauliflower_best,cpu,97,56.7383,0.0,19.9
EXP-AI-001,2026-09-19T134719,cauliflower_best,cpu,98,59.4424,0.0,19.9
EXP-AI-001,2026-09-19T134719,cauliflower_best,cpu,99,56.8629,0.0,19.9
EXP-AI-001,2026-09-19T134719,cauliflower_best,cpu,100,57.4041,0.0,19.9
EXP-AI-001,2026-09-19T134719,chilli,cpu,1,54.9362,0.0,19.9
EXP-AI-001,2026-09-19T134719,chilli,cpu,2,57.3953,0.0,19.9
EXP-AI-001,2026-09-19T134719,chilli,cpu,3,58.933,0.0,19.9
EXP-AI-001,2026-09-19T134719,chilli,cpu,4,61.8386,0.0,19.9
EXP-AI-001,2026-09-19T134719,chilli,cpu,5,61.943,0.0,19.9
EXP-AI-001,2026-09-19T134719,chilli,cpu,6,60.0881,0.0,19.9
EXP-AI-001,2026-09-19T134719,chilli,cpu,7,56.8669,0.0,19.9
EXP-AI-001,2026-09-19T134719,chilli,cpu,8,58.9503,0.0,19.9
EXP-AI-001,2026-09-19T134719,chilli,cpu,9,56.6604,0.0,19.9
EXP-AI-001,2026-09-19T134719,chilli,cpu,10,59.7826,0.0,19.9
EXP-AI-001,2026-09-19T134719,chilli,cpu,11,57.0341,0.0,19.9
EXP-AI-001,2026-09-19T134719,chilli,cpu,12,57.4375,0.0,19.9
EXP-AI-001,2026-09-19T134719,chilli,cpu,13,58.6108,0.0,19.9
EXP-AI-001,2026-09-19T134719,chilli,cpu,14,55.0358,0.0,19.9
EXP-AI-001,2026-09-19T134719,chilli,cpu,15,56.3155,0.0,19.9
EXP-AI-001,2026-09-19T134719,chilli,cpu,16,56.6647,0.0,19.9
EXP-AI-001,2026-09-19T134719,chilli,cpu,17,55.0284,0.0,19.9
EXP-AI-001,2026-09-19T134719,chilli,cpu,18,54.4076,0.0,19.9
EXP-AI-001,2026-09-19T134719,chilli,cpu,19,57.3249,0.0,19.9
EXP-AI-001,2026-09-19T134719,chilli,cpu,20,56.647,0.0,19.9
EXP-AI-001,2026-09-19T134719,chilli,cpu,21,60.4248,0.0,19.9
EXP-AI-001,2026-09-19T134719,chilli,cpu,22,56.2527,0.0,19.9
EXP-AI-001,2026-09-19T134719,chilli,cpu,23,57.0412,0.0,19.9
EXP-AI-001,2026-09-19T134719,chilli,cpu,24,56.4947,0.0,19.9
EXP-AI-001,2026-09-19T134719,chilli,cpu,25,55.7135,0.0,19.9
EXP-AI-001,2026-09-19T134719,chilli,cpu,26,55.0236,0.0,19.9
EXP-AI-001,2026-09-19T134719,chilli,cpu,27,55.0672,0.0,19.9
EXP-AI-001,2026-09-19T134719,chilli,cpu,28,54.9897,0.0,19.9
EXP-AI-001,2026-09-19T134719,chilli,cpu,29,54.7684,0.0,19.9
EXP-AI-001,2026-09-19T134719,chilli,cpu,30,59.3937,0.0,19.9
EXP-AI-001,2026-09-19T134719,chilli,cpu,31,58.6847,0.0,19.9
EXP-AI-001,2026-09-19T134719,chilli,cpu,32,57.8537,0.0,19.9
EXP-AI-001,2026-09-19T134719,chilli,cpu,33,56.2718,0.0,19.9
EXP-AI-001,2026-09-19T134719,chilli,cpu,34,64.9557,0.0,19.9
EXP-AI-001,2026-09-19T134719,chilli,cpu,35,61.7637,0.0,19.9
EXP-AI-001,2026-09-19T134719,chilli,cpu,36,75.3777,0.0,19.9
EXP-AI-001,2026-09-19T134719,chilli,cpu,37,54.9827,0.0,19.9
EXP-AI-001,2026-09-19T134719,chilli,cpu,38,61.6226,0.0,19.9
EXP-AI-001,2026-09-19T134719,chilli,cpu,39,55.7884,0.0,19.9
EXP-AI-001,2026-09-19T134719,chilli,cpu,40,57.0601,0.0,19.9
EXP-AI-001,2026-09-19T134719,chilli,cpu,41,57.2021,0.0,19.9
EXP-AI-001,2026-09-19T134719,chilli,cpu,42,58.6698,0.0,19.9
EXP-AI-001,2026-09-19T134719,chilli,cpu,43,56.5145,0.0,19.9
EXP-AI-001,2026-09-19T134719,chilli,cpu,44,54.8135,0.0,19.9
EXP-AI-001,2026-09-19T134719,chilli,cpu,45,54.3518,0.0,19.9
EXP-AI-001,2026-09-19T134719,chilli,cpu,46,57.4443,0.0,19.9
EXP-AI-001,2026-09-19T134719,chilli,cpu,47,58.9267,0.0,19.9
EXP-AI-001,2026-09-19T134719,chilli,cpu,48,56.0002,0.0,19.9
EXP-AI-001,2026-09-19T134719,chilli,cpu,49,57.3518,0.0,19.9
EXP-AI-001,2026-09-19T134719,chilli,cpu,50,57.0657,0.0,19.9
EXP-AI-001,2026-09-19T134719,chilli,cpu,51,56.0001,0.0,19.9
EXP-AI-001,2026-09-19T134719,chilli,cpu,52,57.0624,0.0,19.9
EXP-AI-001,2026-09-19T134719,chilli,cpu,53,55.1483,0.0,19.9
EXP-AI-001,2026-09-19T134719,chilli,cpu,54,54.6689,0.0,19.9
EXP-AI-001,2026-09-19T134719,chilli,cpu,55,54.9749,0.0,19.9
EXP-AI-001,2026-09-19T134719,chilli,cpu,56,61.8672,0.0,19.9
EXP-AI-001,2026-09-19T134719,chilli,cpu,57,55.6404,0.0,19.9
EXP-AI-001,2026-09-19T134719,chilli,cpu,58,60.4332,0.0,19.9
EXP-AI-001,2026-09-19T134719,chilli,cpu,59,54.3596,0.0,19.9
EXP-AI-001,2026-09-19T134719,chilli,cpu,60,58.6828,0.0,19.9
EXP-AI-001,2026-09-19T134719,chilli,cpu,61,56.1682,0.0,19.9
EXP-AI-001,2026-09-19T134719,chilli,cpu,62,59.1907,0.0,19.9
EXP-AI-001,2026-09-19T134719,chilli,cpu,63,55.8448,0.0,19.9
EXP-AI-001,2026-09-19T134719,chilli,cpu,64,58.0127,0.0,19.9
EXP-AI-001,2026-09-19T134719,chilli,cpu,65,56.525,0.0,19.9
EXP-AI-001,2026-09-19T134719,chilli,cpu,66,55.9139,0.0,19.9
EXP-AI-001,2026-09-19T134719,chilli,cpu,67,61.6687,0.0,19.9
EXP-AI-001,2026-09-19T134719,chilli,cpu,68,55.0661,0.0,19.9
EXP-AI-001,2026-09-19T134719,chilli,cpu,69,60.0608,0.0,19.9
EXP-AI-001,2026-09-19T134719,chilli,cpu,70,57.5514,0.0,19.9
EXP-AI-001,2026-09-19T134719,chilli,cpu,71,57.2881,0.0,19.9
EXP-AI-001,2026-09-19T134719,chilli,cpu,72,57.0547,0.0,19.9
EXP-AI-001,2026-09-19T134719,chilli,cpu,73,56.6571,0.0,19.9
EXP-AI-001,2026-09-19T134719,chilli,cpu,74,65.3601,0.0,19.9
EXP-AI-001,2026-09-19T134719,chilli,cpu,75,56.4733,0.0,19.9
EXP-AI-001,2026-09-19T134719,chilli,cpu,76,55.2319,0.0,19.9
EXP-AI-001,2026-09-19T134719,chilli,cpu,77,60.0203,0.0,19.9
EXP-AI-001,2026-09-19T134719,chilli,cpu,78,55.5071,0.0,19.9
EXP-AI-001,2026-09-19T134719,chilli,cpu,79,59.2033,0.0,19.9
EXP-AI-001,2026-09-19T134719,chilli,cpu,80,54.4812,0.0,19.9
EXP-AI-001,2026-09-19T134719,chilli,cpu,81,56.4263,0.0,19.9
EXP-AI-001,2026-09-19T134719,chilli,cpu,82,56.6346,0.0,19.9
EXP-AI-001,2026-09-19T134719,chilli,cpu,83,58.0815,0.0,19.9
EXP-AI-001,2026-09-19T134719,chilli,cpu,84,57.7982,0.0,19.9
EXP-AI-001,2026-09-19T134719,chilli,cpu,85,56.7191,0.0,19.9
EXP-AI-001,2026-09-19T134719,chilli,cpu,86,60.9567,0.0,19.9
EXP-AI-001,2026-09-19T134719,chilli,cpu,87,57.4128,0.0,19.9
EXP-AI-001,2026-09-19T134719,chilli,cpu,88,59.2858,0.0,19.9
EXP-AI-001,2026-09-19T134719,chilli,cpu,89,56.5495,0.0,19.9
EXP-AI-001,2026-09-19T134719,chilli,cpu,90,54.645,0.0,19.9
EXP-AI-001,2026-09-19T134719,chilli,cpu,91,59.2479,0.0,19.9
EXP-AI-001,2026-09-19T134719,chilli,cpu,92,58.4593,0.0,19.9
EXP-AI-001,2026-09-19T134719,chilli,cpu,93,59.2592,0.0,19.9
EXP-AI-001,2026-09-19T134719,chilli,cpu,94,61.7153,0.0,19.9
EXP-AI-001,2026-09-19T134719,chilli,cpu,95,55.0412,0.0,19.9
EXP-AI-001,2026-09-19T134719,chilli,cpu,96,56.9936,0.0,19.9
EXP-AI-001,2026-09-19T134719,chilli,cpu,97,57.2961,0.0,19.9
EXP-AI-001,2026-09-19T134719,chilli,cpu,98,61.0763,0.0,19.9
EXP-AI-001,2026-09-19T134719,chilli,cpu,99,54.5073,0.0,19.9
EXP-AI-001,2026-09-19T134719,chilli,cpu,100,54.6516,0.0,19.9
EXP-AI-001,2026-09-19T134719,corn,cpu,1,57.0649,0.0,19.9
EXP-AI-001,2026-09-19T134719,corn,cpu,2,54.639,0.0,19.9
EXP-AI-001,2026-09-19T134719,corn,cpu,3,61.2791,0.0,19.9
EXP-AI-001,2026-09-19T134719,corn,cpu,4,54.7285,0.0,19.9
EXP-AI-001,2026-09-19T134719,corn,cpu,5,55.4787,0.0,19.9
EXP-AI-001,2026-09-19T134719,corn,cpu,6,55.7676,0.0,19.9
EXP-AI-001,2026-09-19T134719,corn,cpu,7,54.7119,0.0,19.9
EXP-AI-001,2026-09-19T134719,corn,cpu,8,56.7673,0.0,19.9
EXP-AI-001,2026-09-19T134719,corn,cpu,9,67.4608,0.0,19.9
EXP-AI-001,2026-09-19T134719,corn,cpu,10,56.7347,0.0,19.9
EXP-AI-001,2026-09-19T134719,corn,cpu,11,57.078,0.0,19.9
EXP-AI-001,2026-09-19T134719,corn,cpu,12,57.1342,0.0,19.9
EXP-AI-001,2026-09-19T134719,corn,cpu,13,55.7508,0.0,19.9
EXP-AI-001,2026-09-19T134719,corn,cpu,14,59.2034,0.0,19.9
EXP-AI-001,2026-09-19T134719,corn,cpu,15,58.6097,0.0,19.9
EXP-AI-001,2026-09-19T134719,corn,cpu,16,56.4975,0.0,19.9
EXP-AI-001,2026-09-19T134719,corn,cpu,17,59.4848,0.0,19.9
EXP-AI-001,2026-09-19T134719,corn,cpu,18,59.7442,0.0,19.9
EXP-AI-001,2026-09-19T134719,corn,cpu,19,59.163,0.0,19.9
EXP-AI-001,2026-09-19T134719,corn,cpu,20,54.6497,0.0,19.9
EXP-AI-001,2026-09-19T134719,corn,cpu,21,57.3678,0.0,19.9
EXP-AI-001,2026-09-19T134719,corn,cpu,22,56.55,0.0,19.9
EXP-AI-001,2026-09-19T134719,corn,cpu,23,57.7909,0.0,19.9
EXP-AI-001,2026-09-19T134719,corn,cpu,24,57.881,0.0,19.9
EXP-AI-001,2026-09-19T134719,corn,cpu,25,56.8712,0.0,19.9
EXP-AI-001,2026-09-19T134719,corn,cpu,26,56.4518,0.0,19.9
EXP-AI-001,2026-09-19T134719,corn,cpu,27,55.781,0.0,19.9
EXP-AI-001,2026-09-19T134719,corn,cpu,28,56.7151,0.0,19.9
EXP-AI-001,2026-09-19T134719,corn,cpu,29,57.4374,0.0,19.9
EXP-AI-001,2026-09-19T134719,corn,cpu,30,56.803,0.0,19.9
EXP-AI-001,2026-09-19T134719,corn,cpu,31,61.9009,0.0,19.9
EXP-AI-001,2026-09-19T134719,corn,cpu,32,59.1322,0.0,19.9
EXP-AI-001,2026-09-19T134719,corn,cpu,33,59.4259,0.0,19.9
EXP-AI-001,2026-09-19T134719,corn,cpu,34,59.5413,0.0,19.9
EXP-AI-001,2026-09-19T134719,corn,cpu,35,56.56,0.0,19.9
EXP-AI-001,2026-09-19T134719,corn,cpu,36,56.9824,0.0,19.9
EXP-AI-001,2026-09-19T134719,corn,cpu,37,56.5985,0.0,19.9
EXP-AI-001,2026-09-19T134719,corn,cpu,38,57.1079,0.0,19.9
EXP-AI-001,2026-09-19T134719,corn,cpu,39,58.1983,0.0,19.9
EXP-AI-001,2026-09-19T134719,corn,cpu,40,58.8974,0.0,19.9
EXP-AI-001,2026-09-19T134719,corn,cpu,41,55.9561,0.0,19.9
EXP-AI-001,2026-09-19T134719,corn,cpu,42,57.4998,0.0,19.9
EXP-AI-001,2026-09-19T134719,corn,cpu,43,55.5963,0.0,19.9
EXP-AI-001,2026-09-19T134719,corn,cpu,44,58.2414,0.0,19.9
EXP-AI-001,2026-09-19T134719,corn,cpu,45,61.4147,0.0,19.9
EXP-AI-001,2026-09-19T134719,corn,cpu,46,57.6114,0.0,19.9
EXP-AI-001,2026-09-19T134719,corn,cpu,47,56.2599,0.0,19.9
EXP-AI-001,2026-09-19T134719,corn,cpu,48,57.1417,0.0,19.9
EXP-AI-001,2026-09-19T134719,corn,cpu,49,56.7441,0.0,19.9
EXP-AI-001,2026-09-19T134719,corn,cpu,50,59.5438,0.0,19.9
EXP-AI-001,2026-09-19T134719,corn,cpu,51,57.6303,0.0,19.9
EXP-AI-001,2026-09-19T134719,corn,cpu,52,54.4612,0.0,19.9
EXP-AI-001,2026-09-19T134719,corn,cpu,53,60.2034,0.0,19.9
EXP-AI-001,2026-09-19T134719,corn,cpu,54,56.5509,0.0,19.9
EXP-AI-001,2026-09-19T134719,corn,cpu,55,58.8785,0.0,19.9
EXP-AI-001,2026-09-19T134719,corn,cpu,56,57.2516,0.0,19.9
EXP-AI-001,2026-09-19T134719,corn,cpu,57,56.7689,0.0,19.9
EXP-AI-001,2026-09-19T134719,corn,cpu,58,59.6147,0.0,19.9
EXP-AI-001,2026-09-19T134719,corn,cpu,59,54.5606,0.0,19.9
EXP-AI-001,2026-09-19T134719,corn,cpu,60,58.9479,0.0,19.9
EXP-AI-001,2026-09-19T134719,corn,cpu,61,61.1781,0.0,19.9
EXP-AI-001,2026-09-19T134719,corn,cpu,62,54.7036,0.0,19.9
EXP-AI-001,2026-09-19T134719,corn,cpu,63,59.3688,0.0,19.9
EXP-AI-001,2026-09-19T134719,corn,cpu,64,58.6457,0.0,19.9
EXP-AI-001,2026-09-19T134719,corn,cpu,65,58.9282,0.0,19.9
EXP-AI-001,2026-09-19T134719,corn,cpu,66,56.3581,0.0,19.9
EXP-AI-001,2026-09-19T134719,corn,cpu,67,60.0959,0.0,19.9
EXP-AI-001,2026-09-19T134719,corn,cpu,68,54.5823,0.0,19.9
EXP-AI-001,2026-09-19T134719,corn,cpu,69,59.459,0.0,19.9
EXP-AI-001,2026-09-19T134719,corn,cpu,70,54.7944,0.0,19.9
EXP-AI-001,2026-09-19T134719,corn,cpu,71,58.8093,0.0,19.9
EXP-AI-001,2026-09-19T134719,corn,cpu,72,55.2331,0.0,19.9
EXP-AI-001,2026-09-19T134719,corn,cpu,73,59.564,0.0,19.9
EXP-AI-001,2026-09-19T134719,corn,cpu,74,61.4908,0.0,19.9
EXP-AI-001,2026-09-19T134719,corn,cpu,75,56.9178,0.0,19.9
EXP-AI-001,2026-09-19T134719,corn,cpu,76,59.7648,0.0,19.9
EXP-AI-001,2026-09-19T134719,corn,cpu,77,54.9413,0.0,19.9
EXP-AI-001,2026-09-19T134719,corn,cpu,78,57.0082,0.0,19.9
EXP-AI-001,2026-09-19T134719,corn,cpu,79,55.0299,0.0,19.9
EXP-AI-001,2026-09-19T134719,corn,cpu,80,55.2049,0.0,19.9
EXP-AI-001,2026-09-19T134719,corn,cpu,81,54.7792,0.0,19.9
EXP-AI-001,2026-09-19T134719,corn,cpu,82,56.375,0.0,19.9
EXP-AI-001,2026-09-19T134719,corn,cpu,83,56.7834,0.0,19.9
EXP-AI-001,2026-09-19T134719,corn,cpu,84,56.7895,0.0,19.9
EXP-AI-001,2026-09-19T134719,corn,cpu,85,55.9721,0.0,19.9
EXP-AI-001,2026-09-19T134719,corn,cpu,86,54.4489,0.0,19.9
EXP-AI-001,2026-09-19T134719,corn,cpu,87,57.3099,0.0,19.9
EXP-AI-001,2026-09-19T134719,corn,cpu,88,55.0444,0.0,19.9
EXP-AI-001,2026-09-19T134719,corn,cpu,89,59.6947,0.0,19.9
EXP-AI-001,2026-09-19T134719,corn,cpu,90,54.4564,0.0,19.9
EXP-AI-001,2026-09-19T134719,corn,cpu,91,59.3257,0.0,19.9
EXP-AI-001,2026-09-19T134719,corn,cpu,92,57.6313,0.0,19.9
EXP-AI-001,2026-09-19T134719,corn,cpu,93,57.9582,0.0,19.9
EXP-AI-001,2026-09-19T134719,corn,cpu,94,58.4152,0.0,19.9
EXP-AI-001,2026-09-19T134719,corn,cpu,95,62.8928,0.0,19.9
EXP-AI-001,2026-09-19T134719,corn,cpu,96,54.9183,0.0,19.9
EXP-AI-001,2026-09-19T134719,corn,cpu,97,76.8845,0.0,19.9
EXP-AI-001,2026-09-19T134719,corn,cpu,98,186.2807,0.0,19.9
EXP-AI-001,2026-09-19T134719,corn,cpu,99,104.7121,0.0,19.9
EXP-AI-001,2026-09-19T134719,corn,cpu,100,86.4283,0.0,19.9
EXP-AI-001,2026-09-19T134719,lettuce_best,cpu,1,57.8991,0.0,19.9
EXP-AI-001,2026-09-19T134719,lettuce_best,cpu,2,55.2903,0.0,19.9
EXP-AI-001,2026-09-19T134719,lettuce_best,cpu,3,59.6508,0.0,19.9
EXP-AI-001,2026-09-19T134719,lettuce_best,cpu,4,59.6556,0.0,19.9
EXP-AI-001,2026-09-19T134719,lettuce_best,cpu,5,59.6765,0.0,19.9
EXP-AI-001,2026-09-19T134719,lettuce_best,cpu,6,60.2497,0.0,19.9
EXP-AI-001,2026-09-19T134719,lettuce_best,cpu,7,55.2659,0.0,19.9
EXP-AI-001,2026-09-19T134719,lettuce_best,cpu,8,56.5515,0.0,19.9
EXP-AI-001,2026-09-19T134719,lettuce_best,cpu,9,54.7111,0.0,19.9
EXP-AI-001,2026-09-19T134719,lettuce_best,cpu,10,55.4798,0.0,19.9
EXP-AI-001,2026-09-19T134719,lettuce_best,cpu,11,56.033,0.0,19.9
EXP-AI-001,2026-09-19T134719,lettuce_best,cpu,12,56.7241,0.0,19.9
EXP-AI-001,2026-09-19T134719,lettuce_best,cpu,13,56.9824,0.0,19.9
EXP-AI-001,2026-09-19T134719,lettuce_best,cpu,14,53.3693,0.0,19.9
EXP-AI-001,2026-09-19T134719,lettuce_best,cpu,15,55.3453,0.0,19.9
EXP-AI-001,2026-09-19T134719,lettuce_best,cpu,16,53.2525,0.0,19.9
EXP-AI-001,2026-09-19T134719,lettuce_best,cpu,17,60.3483,0.0,19.9
EXP-AI-001,2026-09-19T134719,lettuce_best,cpu,18,53.6531,0.0,19.9
EXP-AI-001,2026-09-19T134719,lettuce_best,cpu,19,58.2142,0.0,19.9
EXP-AI-001,2026-09-19T134719,lettuce_best,cpu,20,57.8048,0.0,19.9
EXP-AI-001,2026-09-19T134719,lettuce_best,cpu,21,57.6425,0.0,19.9
EXP-AI-001,2026-09-19T134719,lettuce_best,cpu,22,59.4099,0.0,19.9
EXP-AI-001,2026-09-19T134719,lettuce_best,cpu,23,60.5086,0.0,19.9
EXP-AI-001,2026-09-19T134719,lettuce_best,cpu,24,56.053,0.0,19.9
EXP-AI-001,2026-09-19T134719,lettuce_best,cpu,25,55.5049,0.0,19.9
EXP-AI-001,2026-09-19T134719,lettuce_best,cpu,26,58.0976,0.0,19.9
EXP-AI-001,2026-09-19T134719,lettuce_best,cpu,27,55.4451,0.0,19.9
EXP-AI-001,2026-09-19T134719,lettuce_best,cpu,28,55.8213,0.0,19.9
EXP-AI-001,2026-09-19T134719,lettuce_best,cpu,29,58.3761,0.0,19.9
EXP-AI-001,2026-09-19T134719,lettuce_best,cpu,30,57.3279,0.0,19.9
EXP-AI-001,2026-09-19T134719,lettuce_best,cpu,31,53.3641,0.0,19.9
EXP-AI-001,2026-09-19T134719,lettuce_best,cpu,32,57.5811,0.0,19.9
EXP-AI-001,2026-09-19T134719,lettuce_best,cpu,33,53.3582,0.0,19.9
EXP-AI-001,2026-09-19T134719,lettuce_best,cpu,34,55.6116,0.0,19.9
EXP-AI-001,2026-09-19T134719,lettuce_best,cpu,35,53.1519,0.0,19.9
EXP-AI-001,2026-09-19T134719,lettuce_best,cpu,36,57.87,0.0,19.9
EXP-AI-001,2026-09-19T134719,lettuce_best,cpu,37,55.2608,0.0,19.9
EXP-AI-001,2026-09-19T134719,lettuce_best,cpu,38,58.1942,0.0,19.9
EXP-AI-001,2026-09-19T134719,lettuce_best,cpu,39,61.6965,0.0,19.9
EXP-AI-001,2026-09-19T134719,lettuce_best,cpu,40,57.7557,0.0,19.9
EXP-AI-001,2026-09-19T134719,lettuce_best,cpu,41,55.9923,0.0,19.9
EXP-AI-001,2026-09-19T134719,lettuce_best,cpu,42,54.4631,0.0,19.9
EXP-AI-001,2026-09-19T134719,lettuce_best,cpu,43,54.3083,0.0,19.9
EXP-AI-001,2026-09-19T134719,lettuce_best,cpu,44,56.461,0.0,19.9
EXP-AI-001,2026-09-19T134719,lettuce_best,cpu,45,53.7686,0.0,19.9
EXP-AI-001,2026-09-19T134719,lettuce_best,cpu,46,53.8374,0.0,19.9
EXP-AI-001,2026-09-19T134719,lettuce_best,cpu,47,54.1609,0.0,19.9
EXP-AI-001,2026-09-19T134719,lettuce_best,cpu,48,56.5655,0.0,19.9
EXP-AI-001,2026-09-19T134719,lettuce_best,cpu,49,53.2423,0.0,19.9
EXP-AI-001,2026-09-19T134719,lettuce_best,cpu,50,56.747,0.0,19.9
EXP-AI-001,2026-09-19T134719,lettuce_best,cpu,51,55.8597,0.0,19.9
EXP-AI-001,2026-09-19T134719,lettuce_best,cpu,52,56.2465,0.0,19.9
EXP-AI-001,2026-09-19T134719,lettuce_best,cpu,53,55.9967,0.0,19.9
EXP-AI-001,2026-09-19T134719,lettuce_best,cpu,54,53.5031,0.0,19.9
EXP-AI-001,2026-09-19T134719,lettuce_best,cpu,55,53.7982,0.0,19.9
EXP-AI-001,2026-09-19T134719,lettuce_best,cpu,56,53.567,0.0,19.9
EXP-AI-001,2026-09-19T134719,lettuce_best,cpu,57,56.3758,0.0,19.9
EXP-AI-001,2026-09-19T134719,lettuce_best,cpu,58,53.7592,0.0,19.9
EXP-AI-001,2026-09-19T134719,lettuce_best,cpu,59,56.7592,0.0,19.9
EXP-AI-001,2026-09-19T134719,lettuce_best,cpu,60,57.2562,0.0,19.9
EXP-AI-001,2026-09-19T134719,lettuce_best,cpu,61,55.2378,0.0,19.9
EXP-AI-001,2026-09-19T134719,lettuce_best,cpu,62,55.87,0.0,19.9
EXP-AI-001,2026-09-19T134719,lettuce_best,cpu,63,57.4768,0.0,19.9
EXP-AI-001,2026-09-19T134719,lettuce_best,cpu,64,56.6313,0.0,19.9
EXP-AI-001,2026-09-19T134719,lettuce_best,cpu,65,55.0166,0.0,19.9
EXP-AI-001,2026-09-19T134719,lettuce_best,cpu,66,60.0206,0.0,19.9
EXP-AI-001,2026-09-19T134719,lettuce_best,cpu,67,58.096,0.0,19.9
EXP-AI-001,2026-09-19T134719,lettuce_best,cpu,68,61.7517,0.0,19.9
EXP-AI-001,2026-09-19T134719,lettuce_best,cpu,69,55.0515,0.0,19.9
EXP-AI-001,2026-09-19T134719,lettuce_best,cpu,70,56.7427,0.0,19.9
EXP-AI-001,2026-09-19T134719,lettuce_best,cpu,71,59.3806,0.0,19.9
EXP-AI-001,2026-09-19T134719,lettuce_best,cpu,72,59.6994,0.0,19.9
EXP-AI-001,2026-09-19T134719,lettuce_best,cpu,73,57.7415,0.0,19.9
EXP-AI-001,2026-09-19T134719,lettuce_best,cpu,74,58.992,0.0,19.9
EXP-AI-001,2026-09-19T134719,lettuce_best,cpu,75,56.1682,0.0,19.9
EXP-AI-001,2026-09-19T134719,lettuce_best,cpu,76,59.7339,0.0,19.9
EXP-AI-001,2026-09-19T134719,lettuce_best,cpu,77,54.766,0.0,19.9
EXP-AI-001,2026-09-19T134719,lettuce_best,cpu,78,57.2075,0.0,19.9
EXP-AI-001,2026-09-19T134719,lettuce_best,cpu,79,59.4825,0.0,19.9
EXP-AI-001,2026-09-19T134719,lettuce_best,cpu,80,56.9665,0.0,19.9
EXP-AI-001,2026-09-19T134719,lettuce_best,cpu,81,59.5528,0.0,19.9
EXP-AI-001,2026-09-19T134719,lettuce_best,cpu,82,54.7273,0.0,19.9
EXP-AI-001,2026-09-19T134719,lettuce_best,cpu,83,54.7635,0.0,19.9
EXP-AI-001,2026-09-19T134719,lettuce_best,cpu,84,57.9385,0.0,19.9
EXP-AI-001,2026-09-19T134719,lettuce_best,cpu,85,56.9479,0.0,19.9
EXP-AI-001,2026-09-19T134719,lettuce_best,cpu,86,56.9884,0.0,19.9
EXP-AI-001,2026-09-19T134719,lettuce_best,cpu,87,58.8462,0.0,19.9
EXP-AI-001,2026-09-19T134719,lettuce_best,cpu,88,54.4436,0.0,19.9
EXP-AI-001,2026-09-19T134719,lettuce_best,cpu,89,61.1222,0.0,19.9
EXP-AI-001,2026-09-19T134719,lettuce_best,cpu,90,58.0105,0.0,19.9
EXP-AI-001,2026-09-19T134719,lettuce_best,cpu,91,60.5311,0.0,19.9
EXP-AI-001,2026-09-19T134719,lettuce_best,cpu,92,55.0526,0.0,19.9
EXP-AI-001,2026-09-19T134719,lettuce_best,cpu,93,60.7809,0.0,19.9
EXP-AI-001,2026-09-19T134719,lettuce_best,cpu,94,57.7524,0.0,19.9
EXP-AI-001,2026-09-19T134719,lettuce_best,cpu,95,56.9307,0.0,19.9
EXP-AI-001,2026-09-19T134719,lettuce_best,cpu,96,54.7959,0.0,19.9
EXP-AI-001,2026-09-19T134719,lettuce_best,cpu,97,54.9963,0.0,19.9
EXP-AI-001,2026-09-19T134719,lettuce_best,cpu,98,54.8843,0.0,19.9
EXP-AI-001,2026-09-19T134719,lettuce_best,cpu,99,54.7717,0.0,19.9
EXP-AI-001,2026-09-19T134719,lettuce_best,cpu,100,60.1545,0.0,19.9
EXP-AI-001,2026-09-19T134719,mushroom_best,cpu,1,54.7178,0.0,19.9
EXP-AI-001,2026-09-19T134719,mushroom_best,cpu,2,57.2594,0.0,19.9
EXP-AI-001,2026-09-19T134719,mushroom_best,cpu,3,55.5288,0.0,19.9
EXP-AI-001,2026-09-19T134719,mushroom_best,cpu,4,56.9008,0.0,19.9
EXP-AI-001,2026-09-19T134719,mushroom_best,cpu,5,55.6157,0.0,19.9
EXP-AI-001,2026-09-19T134719,mushroom_best,cpu,6,58.0889,0.0,19.9
EXP-AI-001,2026-09-19T134719,mushroom_best,cpu,7,56.5836,0.0,19.9
EXP-AI-001,2026-09-19T134719,mushroom_best,cpu,8,61.3428,0.0,19.9
EXP-AI-001,2026-09-19T134719,mushroom_best,cpu,9,57.6537,0.0,19.9
EXP-AI-001,2026-09-19T134719,mushroom_best,cpu,10,54.8658,0.0,19.9
EXP-AI-001,2026-09-19T134719,mushroom_best,cpu,11,55.6627,0.0,19.9
EXP-AI-001,2026-09-19T134719,mushroom_best,cpu,12,76.6256,0.0,19.9
EXP-AI-001,2026-09-19T134719,mushroom_best,cpu,13,57.5943,0.0,19.9
EXP-AI-001,2026-09-19T134719,mushroom_best,cpu,14,57.3781,0.0,19.9
EXP-AI-001,2026-09-19T134719,mushroom_best,cpu,15,58.4229,0.0,19.9
EXP-AI-001,2026-09-19T134719,mushroom_best,cpu,16,56.8253,0.0,19.9
EXP-AI-001,2026-09-19T134719,mushroom_best,cpu,17,60.8107,0.0,19.9
EXP-AI-001,2026-09-19T134719,mushroom_best,cpu,18,54.928,0.0,19.9
EXP-AI-001,2026-09-19T134719,mushroom_best,cpu,19,59.8584,0.0,19.9
EXP-AI-001,2026-09-19T134719,mushroom_best,cpu,20,54.9157,0.0,19.9
EXP-AI-001,2026-09-19T134719,mushroom_best,cpu,21,57.2574,0.0,19.9
EXP-AI-001,2026-09-19T134719,mushroom_best,cpu,22,55.007,0.0,19.9
EXP-AI-001,2026-09-19T134719,mushroom_best,cpu,23,58.0283,0.0,19.9
EXP-AI-001,2026-09-19T134719,mushroom_best,cpu,24,58.8898,0.0,19.9
EXP-AI-001,2026-09-19T134719,mushroom_best,cpu,25,58.1085,0.0,19.9
EXP-AI-001,2026-09-19T134719,mushroom_best,cpu,26,54.4068,0.0,19.9
EXP-AI-001,2026-09-19T134719,mushroom_best,cpu,27,56.4513,0.0,19.9
EXP-AI-001,2026-09-19T134719,mushroom_best,cpu,28,61.19,0.0,19.9
EXP-AI-001,2026-09-19T134719,mushroom_best,cpu,29,58.9808,0.0,19.9
EXP-AI-001,2026-09-19T134719,mushroom_best,cpu,30,57.9142,0.0,19.9
EXP-AI-001,2026-09-19T134719,mushroom_best,cpu,31,56.9071,0.0,19.9
EXP-AI-001,2026-09-19T134719,mushroom_best,cpu,32,58.2434,0.0,19.9
EXP-AI-001,2026-09-19T134719,mushroom_best,cpu,33,54.9324,0.0,19.9
EXP-AI-001,2026-09-19T134719,mushroom_best,cpu,34,54.8045,0.0,19.9
EXP-AI-001,2026-09-19T134719,mushroom_best,cpu,35,55.3719,0.0,19.9
EXP-AI-001,2026-09-19T134719,mushroom_best,cpu,36,56.5438,0.0,19.9
EXP-AI-001,2026-09-19T134719,mushroom_best,cpu,37,61.3033,0.0,19.9
EXP-AI-001,2026-09-19T134719,mushroom_best,cpu,38,54.7182,0.0,19.9
EXP-AI-001,2026-09-19T134719,mushroom_best,cpu,39,56.8139,0.0,19.9
EXP-AI-001,2026-09-19T134719,mushroom_best,cpu,40,57.4607,0.0,19.9
EXP-AI-001,2026-09-19T134719,mushroom_best,cpu,41,60.7064,0.0,19.9
EXP-AI-001,2026-09-19T134719,mushroom_best,cpu,42,72.3663,0.0,19.9
EXP-AI-001,2026-09-19T134719,mushroom_best,cpu,43,57.6627,0.0,19.9
EXP-AI-001,2026-09-19T134719,mushroom_best,cpu,44,54.9963,0.0,19.9
EXP-AI-001,2026-09-19T134719,mushroom_best,cpu,45,54.797,0.0,19.9
EXP-AI-001,2026-09-19T134719,mushroom_best,cpu,46,57.2702,0.0,19.9
EXP-AI-001,2026-09-19T134719,mushroom_best,cpu,47,56.9631,0.0,19.9
EXP-AI-001,2026-09-19T134719,mushroom_best,cpu,48,59.2062,0.0,19.9
EXP-AI-001,2026-09-19T134719,mushroom_best,cpu,49,56.7561,0.0,19.9
EXP-AI-001,2026-09-19T134719,mushroom_best,cpu,50,58.7917,0.0,19.9
EXP-AI-001,2026-09-19T134719,mushroom_best,cpu,51,57.6833,0.0,19.9
EXP-AI-001,2026-09-19T134719,mushroom_best,cpu,52,57.0336,0.0,19.9
EXP-AI-001,2026-09-19T134719,mushroom_best,cpu,53,62.9307,0.0,19.9
EXP-AI-001,2026-09-19T134719,mushroom_best,cpu,54,56.5491,0.0,19.9
EXP-AI-001,2026-09-19T134719,mushroom_best,cpu,55,56.6086,0.0,19.9
EXP-AI-001,2026-09-19T134719,mushroom_best,cpu,56,57.4303,0.0,19.9
EXP-AI-001,2026-09-19T134719,mushroom_best,cpu,57,60.2776,0.0,19.9
EXP-AI-001,2026-09-19T134719,mushroom_best,cpu,58,57.5943,0.0,19.9
EXP-AI-001,2026-09-19T134719,mushroom_best,cpu,59,56.8303,0.0,19.9
EXP-AI-001,2026-09-19T134719,mushroom_best,cpu,60,56.5335,0.0,19.9
EXP-AI-001,2026-09-19T134719,mushroom_best,cpu,61,57.3607,0.0,19.9
EXP-AI-001,2026-09-19T134719,mushroom_best,cpu,62,57.7746,0.0,19.9
EXP-AI-001,2026-09-19T134719,mushroom_best,cpu,63,54.7592,0.0,19.9
EXP-AI-001,2026-09-19T134719,mushroom_best,cpu,64,56.8955,0.0,19.9
EXP-AI-001,2026-09-19T134719,mushroom_best,cpu,65,60.1971,0.0,19.9
EXP-AI-001,2026-09-19T134719,mushroom_best,cpu,66,59.5377,0.0,19.9
EXP-AI-001,2026-09-19T134719,mushroom_best,cpu,67,58.3052,0.0,19.9
EXP-AI-001,2026-09-19T134719,mushroom_best,cpu,68,61.7485,0.0,19.9
EXP-AI-001,2026-09-19T134719,mushroom_best,cpu,69,55.0661,0.0,19.9
EXP-AI-001,2026-09-19T134719,mushroom_best,cpu,70,59.0795,0.0,19.9
EXP-AI-001,2026-09-19T134719,mushroom_best,cpu,71,58.1203,0.0,19.9
EXP-AI-001,2026-09-19T134719,mushroom_best,cpu,72,57.3878,0.0,19.9
EXP-AI-001,2026-09-19T134719,mushroom_best,cpu,73,54.516,0.0,19.9
EXP-AI-001,2026-09-19T134719,mushroom_best,cpu,74,61.9334,0.0,19.9
EXP-AI-001,2026-09-19T134719,mushroom_best,cpu,75,60.2531,0.0,19.9
EXP-AI-001,2026-09-19T134719,mushroom_best,cpu,76,60.5335,0.0,19.9
EXP-AI-001,2026-09-19T134719,mushroom_best,cpu,77,56.9886,0.0,19.9
EXP-AI-001,2026-09-19T134719,mushroom_best,cpu,78,57.3691,0.0,19.9
EXP-AI-001,2026-09-19T134719,mushroom_best,cpu,79,56.5725,0.0,19.9
EXP-AI-001,2026-09-19T134719,mushroom_best,cpu,80,55.3442,0.0,19.9
EXP-AI-001,2026-09-19T134719,mushroom_best,cpu,81,59.9991,0.0,19.9
EXP-AI-001,2026-09-19T134719,mushroom_best,cpu,82,56.8574,0.0,19.9
EXP-AI-001,2026-09-19T134719,mushroom_best,cpu,83,56.9225,0.0,19.9
EXP-AI-001,2026-09-19T134719,mushroom_best,cpu,84,66.0214,0.0,19.9
EXP-AI-001,2026-09-19T134719,mushroom_best,cpu,85,59.678,0.0,19.9
EXP-AI-001,2026-09-19T134719,mushroom_best,cpu,86,55.387,0.0,19.9
EXP-AI-001,2026-09-19T134719,mushroom_best,cpu,87,54.4917,0.0,19.9
EXP-AI-001,2026-09-19T134719,mushroom_best,cpu,88,57.1441,0.0,19.9
EXP-AI-001,2026-09-19T134719,mushroom_best,cpu,89,58.4276,0.0,19.9
EXP-AI-001,2026-09-19T134719,mushroom_best,cpu,90,60.0691,0.0,19.9
EXP-AI-001,2026-09-19T134719,mushroom_best,cpu,91,61.6721,0.0,19.9
EXP-AI-001,2026-09-19T134719,mushroom_best,cpu,92,59.3014,0.0,19.9
EXP-AI-001,2026-09-19T134719,mushroom_best,cpu,93,57.7563,0.0,19.9
EXP-AI-001,2026-09-19T134719,mushroom_best,cpu,94,56.5833,0.0,19.9
EXP-AI-001,2026-09-19T134719,mushroom_best,cpu,95,54.6312,0.0,19.9
EXP-AI-001,2026-09-19T134719,mushroom_best,cpu,96,59.5377,0.0,19.9
EXP-AI-001,2026-09-19T134719,mushroom_best,cpu,97,54.4718,0.0,19.9
EXP-AI-001,2026-09-19T134719,mushroom_best,cpu,98,57.0856,0.0,19.9
EXP-AI-001,2026-09-19T134719,mushroom_best,cpu,99,56.7077,0.0,19.9
EXP-AI-001,2026-09-19T134719,mushroom_best,cpu,100,56.8542,0.0,19.9
EXP-AI-001,2026-09-19T134719,potato,cpu,1,54.8092,0.0,19.9
EXP-AI-001,2026-09-19T134719,potato,cpu,2,57.1406,0.0,19.9
EXP-AI-001,2026-09-19T134719,potato,cpu,3,61.1772,0.0,19.9
EXP-AI-001,2026-09-19T134719,potato,cpu,4,61.2612,0.0,19.9
EXP-AI-001,2026-09-19T134719,potato,cpu,5,59.1885,0.0,19.9
EXP-AI-001,2026-09-19T134719,potato,cpu,6,57.1189,0.0,19.9
EXP-AI-001,2026-09-19T134719,potato,cpu,7,57.1784,0.0,19.9
EXP-AI-001,2026-09-19T134719,potato,cpu,8,59.0592,0.0,19.9
EXP-AI-001,2026-09-19T134719,potato,cpu,9,54.852,0.0,19.9
EXP-AI-001,2026-09-19T134719,potato,cpu,10,56.5941,0.0,19.9
EXP-AI-001,2026-09-19T134719,potato,cpu,11,55.6578,0.0,19.9
EXP-AI-001,2026-09-19T134719,potato,cpu,12,57.5033,0.0,19.9
EXP-AI-001,2026-09-19T134719,potato,cpu,13,55.7383,0.0,19.9
EXP-AI-001,2026-09-19T134719,potato,cpu,14,58.8693,0.0,19.9
EXP-AI-001,2026-09-19T134719,potato,cpu,15,57.1988,0.0,19.9
EXP-AI-001,2026-09-19T134719,potato,cpu,16,54.8961,0.0,19.9
EXP-AI-001,2026-09-19T134719,potato,cpu,17,57.8022,0.0,19.9
EXP-AI-001,2026-09-19T134719,potato,cpu,18,62.3193,0.0,19.9
EXP-AI-001,2026-09-19T134719,potato,cpu,19,54.6762,0.0,19.9
EXP-AI-001,2026-09-19T134719,potato,cpu,20,56.9068,0.0,19.9
EXP-AI-001,2026-09-19T134719,potato,cpu,21,55.7633,0.0,19.9
EXP-AI-001,2026-09-19T134719,potato,cpu,22,55.459,0.0,19.9
EXP-AI-001,2026-09-19T134719,potato,cpu,23,57.2604,0.0,19.9
EXP-AI-001,2026-09-19T134719,potato,cpu,24,56.0978,0.0,19.9
EXP-AI-001,2026-09-19T134719,potato,cpu,25,57.0357,0.0,19.9
EXP-AI-001,2026-09-19T134719,potato,cpu,26,57.7681,0.0,19.9
EXP-AI-001,2026-09-19T134719,potato,cpu,27,56.5743,0.0,19.9
EXP-AI-001,2026-09-19T134719,potato,cpu,28,57.2197,0.0,19.9
EXP-AI-001,2026-09-19T134719,potato,cpu,29,57.3594,0.0,19.9
EXP-AI-001,2026-09-19T134719,potato,cpu,30,58.5772,0.0,19.9
EXP-AI-001,2026-09-19T134719,potato,cpu,31,55.029,0.0,19.9
EXP-AI-001,2026-09-19T134719,potato,cpu,32,58.9013,0.0,19.9
EXP-AI-001,2026-09-19T134719,potato,cpu,33,60.7914,0.0,19.9
EXP-AI-001,2026-09-19T134719,potato,cpu,34,54.3817,0.0,19.9
EXP-AI-001,2026-09-19T134719,potato,cpu,35,54.8026,0.0,19.9
EXP-AI-001,2026-09-19T134719,potato,cpu,36,57.209,0.0,19.9
EXP-AI-001,2026-09-19T134719,potato,cpu,37,61.9139,0.0,19.9
EXP-AI-001,2026-09-19T134719,potato,cpu,38,55.0006,0.0,19.9
EXP-AI-001,2026-09-19T134719,potato,cpu,39,59.5817,0.0,19.9
EXP-AI-001,2026-09-19T134719,potato,cpu,40,57.7972,0.0,19.9
EXP-AI-001,2026-09-19T134719,potato,cpu,41,59.5395,0.0,19.9
EXP-AI-001,2026-09-19T134719,potato,cpu,42,63.2974,0.0,19.9
EXP-AI-001,2026-09-19T134719,potato,cpu,43,54.8537,0.0,19.9
EXP-AI-001,2026-09-19T134719,potato,cpu,44,64.1009,0.0,19.9
EXP-AI-001,2026-09-19T134719,potato,cpu,45,54.6526,0.0,19.9
EXP-AI-001,2026-09-19T134719,potato,cpu,46,54.2751,0.0,19.9
EXP-AI-001,2026-09-19T134719,potato,cpu,47,54.8147,0.0,19.9
EXP-AI-001,2026-09-19T134719,potato,cpu,48,56.9832,0.0,19.9
EXP-AI-001,2026-09-19T134719,potato,cpu,49,56.7089,0.0,19.9
EXP-AI-001,2026-09-19T134719,potato,cpu,50,59.7426,0.0,19.9
EXP-AI-001,2026-09-19T134719,potato,cpu,51,59.4717,0.0,19.9
EXP-AI-001,2026-09-19T134719,potato,cpu,52,56.9146,0.0,19.9
EXP-AI-001,2026-09-19T134719,potato,cpu,53,56.0716,0.0,19.9
EXP-AI-001,2026-09-19T134719,potato,cpu,54,54.6173,0.0,19.9
EXP-AI-001,2026-09-19T134719,potato,cpu,55,54.6279,0.0,19.9
EXP-AI-001,2026-09-19T134719,potato,cpu,56,54.6578,0.0,19.9
EXP-AI-001,2026-09-19T134719,potato,cpu,57,54.9296,0.0,19.9
EXP-AI-001,2026-09-19T134719,potato,cpu,58,56.1022,0.0,19.9
EXP-AI-001,2026-09-19T134719,potato,cpu,59,55.0507,0.0,19.9
EXP-AI-001,2026-09-19T134719,potato,cpu,60,56.2512,0.0,19.9
EXP-AI-001,2026-09-19T134719,potato,cpu,61,56.5809,0.0,19.9
EXP-AI-001,2026-09-19T134719,potato,cpu,62,57.6711,0.0,19.9
EXP-AI-001,2026-09-19T134719,potato,cpu,63,57.0438,0.0,19.9
EXP-AI-001,2026-09-19T134719,potato,cpu,64,59.3724,0.0,19.9
EXP-AI-001,2026-09-19T134719,potato,cpu,65,55.1421,0.0,19.9
EXP-AI-001,2026-09-19T134719,potato,cpu,66,57.0652,0.0,19.9
EXP-AI-001,2026-09-19T134719,potato,cpu,67,61.1787,0.0,19.9
EXP-AI-001,2026-09-19T134719,potato,cpu,68,59.3856,0.0,19.9
EXP-AI-001,2026-09-19T134719,potato,cpu,69,57.7184,0.0,19.9
EXP-AI-001,2026-09-19T134719,potato,cpu,70,59.3031,0.0,19.9
EXP-AI-001,2026-09-19T134719,potato,cpu,71,56.7792,0.0,19.9
EXP-AI-001,2026-09-19T134719,potato,cpu,72,54.5783,0.0,19.9
EXP-AI-001,2026-09-19T134719,potato,cpu,73,58.1215,0.0,19.9
EXP-AI-001,2026-09-19T134719,potato,cpu,74,58.8737,0.0,19.9
EXP-AI-001,2026-09-19T134719,potato,cpu,75,59.4527,0.0,19.9
EXP-AI-001,2026-09-19T134719,potato,cpu,76,56.9719,0.0,19.9
EXP-AI-001,2026-09-19T134719,potato,cpu,77,58.303,0.0,19.9
EXP-AI-001,2026-09-19T134719,potato,cpu,78,58.2718,0.0,19.9
EXP-AI-001,2026-09-19T134719,potato,cpu,79,54.8139,0.0,19.9
EXP-AI-001,2026-09-19T134719,potato,cpu,80,57.2284,0.0,19.9
EXP-AI-001,2026-09-19T134719,potato,cpu,81,57.0101,0.0,19.9
EXP-AI-001,2026-09-19T134719,potato,cpu,82,57.0499,0.0,19.9
EXP-AI-001,2026-09-19T134719,potato,cpu,83,61.5809,0.0,19.9
EXP-AI-001,2026-09-19T134719,potato,cpu,84,54.7801,0.0,19.9
EXP-AI-001,2026-09-19T134719,potato,cpu,85,59.6454,0.0,19.9
EXP-AI-001,2026-09-19T134719,potato,cpu,86,55.3809,0.0,19.9
EXP-AI-001,2026-09-19T134719,potato,cpu,87,54.4208,0.0,19.9
EXP-AI-001,2026-09-19T134719,potato,cpu,88,56.6739,0.0,19.9
EXP-AI-001,2026-09-19T134719,potato,cpu,89,56.7401,0.0,19.9
EXP-AI-001,2026-09-19T134719,potato,cpu,90,56.5864,0.0,19.9
EXP-AI-001,2026-09-19T134719,potato,cpu,91,54.1062,0.0,19.9
EXP-AI-001,2026-09-19T134719,potato,cpu,92,58.5308,0.0,19.9
EXP-AI-001,2026-09-19T134719,potato,cpu,93,54.3858,0.0,19.9
EXP-AI-001,2026-09-19T134719,potato,cpu,94,61.395,0.0,19.9
EXP-AI-001,2026-09-19T134719,potato,cpu,95,57.9336,0.0,19.9
EXP-AI-001,2026-09-19T134719,potato,cpu,96,56.6332,0.0,19.9
EXP-AI-001,2026-09-19T134719,potato,cpu,97,54.9569,0.0,19.9
EXP-AI-001,2026-09-19T134719,potato,cpu,98,55.0255,0.0,19.9
EXP-AI-001,2026-09-19T134719,potato,cpu,99,59.073,0.0,19.9
EXP-AI-001,2026-09-19T134719,potato,cpu,100,54.4854,0.0,19.9
EXP-AI-001,2026-09-19T134719,radish_best,cpu,1,58.7313,0.0,19.9
EXP-AI-001,2026-09-19T134719,radish_best,cpu,2,59.0064,0.0,19.9
EXP-AI-001,2026-09-19T134719,radish_best,cpu,3,55.2378,0.0,19.9
EXP-AI-001,2026-09-19T134719,radish_best,cpu,4,56.8374,0.0,19.9
EXP-AI-001,2026-09-19T134719,radish_best,cpu,5,55.0297,0.0,19.9
EXP-AI-001,2026-09-19T134719,radish_best,cpu,6,59.015,0.0,19.9
EXP-AI-001,2026-09-19T134719,radish_best,cpu,7,54.8283,0.0,19.9
EXP-AI-001,2026-09-19T134719,radish_best,cpu,8,58.1626,0.0,19.9
EXP-AI-001,2026-09-19T134719,radish_best,cpu,9,56.7272,0.0,19.9
EXP-AI-001,2026-09-19T134719,radish_best,cpu,10,56.8727,0.0,19.9
EXP-AI-001,2026-09-19T134719,radish_best,cpu,11,56.905,0.0,19.9
EXP-AI-001,2026-09-19T134719,radish_best,cpu,12,54.5492,0.0,19.9
EXP-AI-001,2026-09-19T134719,radish_best,cpu,13,57.1785,0.0,19.9
EXP-AI-001,2026-09-19T134719,radish_best,cpu,14,58.4137,0.0,19.9
EXP-AI-001,2026-09-19T134719,radish_best,cpu,15,57.637,0.0,19.9
EXP-AI-001,2026-09-19T134719,radish_best,cpu,16,64.5825,0.0,19.9
EXP-AI-001,2026-09-19T134719,radish_best,cpu,17,55.662,0.0,19.9
EXP-AI-001,2026-09-19T134719,radish_best,cpu,18,57.1004,0.0,19.9
EXP-AI-001,2026-09-19T134719,radish_best,cpu,19,57.7233,0.0,19.9
EXP-AI-001,2026-09-19T134719,radish_best,cpu,20,55.4013,0.0,19.9
EXP-AI-001,2026-09-19T134719,radish_best,cpu,21,61.074,0.0,19.9
EXP-AI-001,2026-09-19T134719,radish_best,cpu,22,58.0464,0.0,19.9
EXP-AI-001,2026-09-19T134719,radish_best,cpu,23,55.4856,0.0,19.9
EXP-AI-001,2026-09-19T134719,radish_best,cpu,24,57.1097,0.0,19.9
EXP-AI-001,2026-09-19T134719,radish_best,cpu,25,54.4343,0.0,19.9
EXP-AI-001,2026-09-19T134719,radish_best,cpu,26,60.1581,0.0,19.9
EXP-AI-001,2026-09-19T134719,radish_best,cpu,27,56.7357,0.0,19.9
EXP-AI-001,2026-09-19T134719,radish_best,cpu,28,55.1146,0.0,19.9
EXP-AI-001,2026-09-19T134719,radish_best,cpu,29,54.7828,0.0,19.9
EXP-AI-001,2026-09-19T134719,radish_best,cpu,30,58.7451,0.0,19.9
EXP-AI-001,2026-09-19T134719,radish_best,cpu,31,55.6337,0.0,19.9
EXP-AI-001,2026-09-19T134719,radish_best,cpu,32,59.4975,0.0,19.9
EXP-AI-001,2026-09-19T134719,radish_best,cpu,33,59.7494,0.0,19.9
EXP-AI-001,2026-09-19T134719,radish_best,cpu,34,55.3894,0.0,19.9
EXP-AI-001,2026-09-19T134719,radish_best,cpu,35,59.3059,0.0,19.9
EXP-AI-001,2026-09-19T134719,radish_best,cpu,36,55.3526,0.0,19.9
EXP-AI-001,2026-09-19T134719,radish_best,cpu,37,57.4586,0.0,19.9
EXP-AI-001,2026-09-19T134719,radish_best,cpu,38,57.94,0.0,19.9
EXP-AI-001,2026-09-19T134719,radish_best,cpu,39,57.6264,0.0,19.9
EXP-AI-001,2026-09-19T134719,radish_best,cpu,40,58.3364,0.0,19.9
EXP-AI-001,2026-09-19T134719,radish_best,cpu,41,57.5543,0.0,19.9
EXP-AI-001,2026-09-19T134719,radish_best,cpu,42,58.6559,0.0,19.9
EXP-AI-001,2026-09-19T134719,radish_best,cpu,43,57.046,0.0,19.9
EXP-AI-001,2026-09-19T134719,radish_best,cpu,44,56.8519,0.0,19.9
EXP-AI-001,2026-09-19T134719,radish_best,cpu,45,57.3942,0.0,19.9
EXP-AI-001,2026-09-19T134719,radish_best,cpu,46,58.8358,0.0,19.9
EXP-AI-001,2026-09-19T134719,radish_best,cpu,47,56.6549,0.0,19.9
EXP-AI-001,2026-09-19T134719,radish_best,cpu,48,59.2852,0.0,19.9
EXP-AI-001,2026-09-19T134719,radish_best,cpu,49,61.8823,0.0,19.9
EXP-AI-001,2026-09-19T134719,radish_best,cpu,50,56.6785,0.0,19.9
EXP-AI-001,2026-09-19T134719,radish_best,cpu,51,59.0194,0.0,19.9
EXP-AI-001,2026-09-19T134719,radish_best,cpu,52,63.5173,0.0,19.9
EXP-AI-001,2026-09-19T134719,radish_best,cpu,53,57.3281,0.0,19.9
EXP-AI-001,2026-09-19T134719,radish_best,cpu,54,56.4926,0.0,19.9
EXP-AI-001,2026-09-19T134719,radish_best,cpu,55,54.797,0.0,19.9
EXP-AI-001,2026-09-19T134719,radish_best,cpu,56,57.0863,0.0,19.9
EXP-AI-001,2026-09-19T134719,radish_best,cpu,57,55.0937,0.0,19.9
EXP-AI-001,2026-09-19T134719,radish_best,cpu,58,61.1534,0.0,19.9
EXP-AI-001,2026-09-19T134719,radish_best,cpu,59,58.6298,0.0,19.9
EXP-AI-001,2026-09-19T134719,radish_best,cpu,60,54.4735,0.0,19.9
EXP-AI-001,2026-09-19T134719,radish_best,cpu,61,55.6796,0.0,19.9
EXP-AI-001,2026-09-19T134719,radish_best,cpu,62,57.7614,0.0,19.9
EXP-AI-001,2026-09-19T134719,radish_best,cpu,63,59.1631,0.0,19.9
EXP-AI-001,2026-09-19T134719,radish_best,cpu,64,54.975,0.0,19.9
EXP-AI-001,2026-09-19T134719,radish_best,cpu,65,55.2465,0.0,19.9
EXP-AI-001,2026-09-19T134719,radish_best,cpu,66,57.0236,0.0,19.9
EXP-AI-001,2026-09-19T134719,radish_best,cpu,67,60.5388,0.0,19.9
EXP-AI-001,2026-09-19T134719,radish_best,cpu,68,57.3584,0.0,19.9
EXP-AI-001,2026-09-19T134719,radish_best,cpu,69,55.1926,0.0,19.9
EXP-AI-001,2026-09-19T134719,radish_best,cpu,70,57.7844,0.0,19.9
EXP-AI-001,2026-09-19T134719,radish_best,cpu,71,54.9236,0.0,19.9
EXP-AI-001,2026-09-19T134719,radish_best,cpu,72,57.9592,0.0,19.9
EXP-AI-001,2026-09-19T134719,radish_best,cpu,73,57.6219,0.0,19.9
EXP-AI-001,2026-09-19T134719,radish_best,cpu,74,58.2209,0.0,19.9
EXP-AI-001,2026-09-19T134719,radish_best,cpu,75,59.0936,0.0,19.9
EXP-AI-001,2026-09-19T134719,radish_best,cpu,76,59.363,0.0,19.9
EXP-AI-001,2026-09-19T134719,radish_best,cpu,77,56.6827,0.0,19.9
EXP-AI-001,2026-09-19T134719,radish_best,cpu,78,57.3672,0.0,19.9
EXP-AI-001,2026-09-19T134719,radish_best,cpu,79,58.167,0.0,19.9
EXP-AI-001,2026-09-19T134719,radish_best,cpu,80,57.2126,0.0,19.9
EXP-AI-001,2026-09-19T134719,radish_best,cpu,81,54.9117,0.0,19.9
EXP-AI-001,2026-09-19T134719,radish_best,cpu,82,55.6323,0.0,19.9
EXP-AI-001,2026-09-19T134719,radish_best,cpu,83,60.5158,0.0,19.9
EXP-AI-001,2026-09-19T134719,radish_best,cpu,84,57.7834,0.0,19.9
EXP-AI-001,2026-09-19T134719,radish_best,cpu,85,57.9619,0.0,19.9
EXP-AI-001,2026-09-19T134719,radish_best,cpu,86,57.0652,0.0,19.9
EXP-AI-001,2026-09-19T134719,radish_best,cpu,87,56.7231,0.0,19.9
EXP-AI-001,2026-09-19T134719,radish_best,cpu,88,58.9844,0.0,19.9
EXP-AI-001,2026-09-19T134719,radish_best,cpu,89,57.3949,0.0,19.9
EXP-AI-001,2026-09-19T134719,radish_best,cpu,90,57.8813,0.0,19.9
EXP-AI-001,2026-09-19T134719,radish_best,cpu,91,56.4555,0.0,19.9
EXP-AI-001,2026-09-19T134719,radish_best,cpu,92,59.091,0.0,19.9
EXP-AI-001,2026-09-19T134719,radish_best,cpu,93,56.766,0.0,19.9
EXP-AI-001,2026-09-19T134719,radish_best,cpu,94,58.6612,0.0,19.9
EXP-AI-001,2026-09-19T134719,radish_best,cpu,95,54.5073,0.0,19.9
EXP-AI-001,2026-09-19T134719,radish_best,cpu,96,58.084,0.0,19.9
EXP-AI-001,2026-09-19T134719,radish_best,cpu,97,59.1203,0.0,19.9
EXP-AI-001,2026-09-19T134719,radish_best,cpu,98,56.5302,0.0,19.9
EXP-AI-001,2026-09-19T134719,radish_best,cpu,99,54.5823,0.0,19.9
EXP-AI-001,2026-09-19T134719,radish_best,cpu,100,56.9307,0.0,19.9
EXP-AI-001,2026-09-19T134719,rice,cpu,1,587.4102,0.0,38.6
EXP-AI-001,2026-09-19T134719,rice,cpu,2,591.5348,0.0,38.6
EXP-AI-001,2026-09-19T134719,rice,cpu,3,590.2871,0.0,38.6
EXP-AI-001,2026-09-19T134719,rice,cpu,4,588.7542,0.0,38.6
EXP-AI-001,2026-09-19T134719,rice,cpu,5,590.4918,0.0,38.6
EXP-AI-001,2026-09-19T134719,rice,cpu,6,588.3856,0.0,38.6
EXP-AI-001,2026-09-19T134719,rice,cpu,7,589.1314,0.0,38.6
EXP-AI-001,2026-09-19T134719,rice,cpu,8,586.0727,0.0,38.6
EXP-AI-001,2026-09-19T134719,rice,cpu,9,587.6879,0.0,38.6
EXP-AI-001,2026-09-19T134719,rice,cpu,10,587.7127,0.0,38.6
EXP-AI-001,2026-09-19T134719,rice,cpu,11,614.7431,0.0,38.6
EXP-AI-001,2026-09-19T134719,rice,cpu,12,588.6708,0.0,38.6
EXP-AI-001,2026-09-19T134719,rice,cpu,13,606.4439,0.0,38.6
EXP-AI-001,2026-09-19T134719,rice,cpu,14,594.0649,0.0,38.6
EXP-AI-001,2026-09-19T134719,rice,cpu,15,597.8005,0.0,38.6
EXP-AI-001,2026-09-19T134719,rice,cpu,16,595.6633,0.0,38.6
EXP-AI-001,2026-09-19T134719,rice,cpu,17,596.4779,0.0,38.6
EXP-AI-001,2026-09-19T134719,rice,cpu,18,594.8468,0.0,38.6
EXP-AI-001,2026-09-19T134719,rice,cpu,19,598.2514,0.0,38.6
EXP-AI-001,2026-09-19T134719,rice,cpu,20,602.6113,0.0,38.6
EXP-AI-001,2026-09-19T134719,rice,cpu,21,594.7303,0.0,38.6
EXP-AI-001,2026-09-19T134719,rice,cpu,22,596.1188,0.0,38.6
EXP-AI-001,2026-09-19T134719,rice,cpu,23,594.6655,0.0,38.6
EXP-AI-001,2026-09-19T134719,rice,cpu,24,597.3833,0.0,38.6
EXP-AI-001,2026-09-19T134719,rice,cpu,25,602.6024,0.0,38.6
EXP-AI-001,2026-09-19T134719,rice,cpu,26,597.7774,0.0,38.6
EXP-AI-001,2026-09-19T134719,rice,cpu,27,598.6476,0.0,38.6
EXP-AI-001,2026-09-19T134719,rice,cpu,28,598.9288,0.0,38.6
EXP-AI-001,2026-09-19T134719,rice,cpu,29,597.2486,0.0,38.6
EXP-AI-001,2026-09-19T134719,rice,cpu,30,617.4557,0.0,38.6
EXP-AI-001,2026-09-19T134719,rice,cpu,31,595.9993,0.0,38.6
EXP-AI-001,2026-09-19T134719,rice,cpu,32,602.4189,0.0,38.6
EXP-AI-001,2026-09-19T134719,rice,cpu,33,594.3128,0.0,38.6
EXP-AI-001,2026-09-19T134719,rice,cpu,34,596.9306,0.0,38.6
EXP-AI-001,2026-09-19T134719,rice,cpu,35,599.6809,0.0,38.6
EXP-AI-001,2026-09-19T134719,rice,cpu,36,604.6363,0.0,38.6
EXP-AI-001,2026-09-19T134719,rice,cpu,37,597.2647,0.0,38.6
EXP-AI-001,2026-09-19T134719,rice,cpu,38,597.6234,0.0,38.6
EXP-AI-001,2026-09-19T134719,rice,cpu,39,601.6781,0.0,38.6
EXP-AI-001,2026-09-19T134719,rice,cpu,40,601.4992,0.0,38.6
EXP-AI-001,2026-09-19T134719,rice,cpu,41,603.4584,0.0,38.6
EXP-AI-001,2026-09-19T134719,rice,cpu,42,602.3406,0.0,38.6
EXP-AI-001,2026-09-19T134719,rice,cpu,43,601.2055,0.0,38.6
EXP-AI-001,2026-09-19T134719,rice,cpu,44,597.1845,0.0,38.6
EXP-AI-001,2026-09-19T134719,rice,cpu,45,586.7384,0.0,38.6
EXP-AI-001,2026-09-19T134719,rice,cpu,46,600.7302,0.0,38.6
EXP-AI-001,2026-09-19T134719,rice,cpu,47,590.6894,0.0,38.6
EXP-AI-001,2026-09-19T134719,rice,cpu,48,590.7519,0.0,38.6
EXP-AI-001,2026-09-19T134719,rice,cpu,49,584.3776,0.0,38.6
EXP-AI-001,2026-09-19T134719,rice,cpu,50,591.933,0.0,38.6
EXP-AI-001,2026-09-19T134719,rice,cpu,51,588.1948,0.0,38.6
EXP-AI-001,2026-09-19T134719,rice,cpu,52,585.1199,0.0,38.6
EXP-AI-001,2026-09-19T134719,rice,cpu,53,590.1796,0.0,38.6
EXP-AI-001,2026-09-19T134719,rice,cpu,54,586.4689,0.0,38.6
EXP-AI-001,2026-09-19T134719,rice,cpu,55,587.4449,0.0,38.6
EXP-AI-001,2026-09-19T134719,rice,cpu,56,589.4573,0.0,38.6
EXP-AI-001,2026-09-19T134719,rice,cpu,57,588.3233,0.0,38.6
EXP-AI-001,2026-09-19T134719,rice,cpu,58,587.6029,0.0,38.6
EXP-AI-001,2026-09-19T134719,rice,cpu,59,585.9025,0.0,38.6
EXP-AI-001,2026-09-19T134719,rice,cpu,60,587.2534,0.0,38.6
EXP-AI-001,2026-09-19T134719,rice,cpu,61,590.8098,0.0,38.6
EXP-AI-001,2026-09-19T134719,rice,cpu,62,610.8599,0.0,38.6
EXP-AI-001,2026-09-19T134719,rice,cpu,63,604.942,0.0,38.6
EXP-AI-001,2026-09-19T134719,rice,cpu,64,590.4393,0.0,38.6
EXP-AI-001,2026-09-19T134719,rice,cpu,65,588.5302,0.0,38.6
EXP-AI-001,2026-09-19T134719,rice,cpu,66,591.873,0.0,38.6
EXP-AI-001,2026-09-19T134719,rice,cpu,67,589.1831,0.0,38.6
EXP-AI-001,2026-09-19T134719,rice,cpu,68,593.6499,0.0,38.6
EXP-AI-001,2026-09-19T134719,rice,cpu,69,589.81,0.0,38.6
EXP-AI-001,2026-09-19T134719,rice,cpu,70,591.9273,0.0,38.6
EXP-AI-001,2026-09-19T134719,rice,cpu,71,593.3651,0.0,38.6
EXP-AI-001,2026-09-19T134719,rice,cpu,72,595.2834,0.0,38.6
EXP-AI-001,2026-09-19T134719,rice,cpu,73,596.2842,0.0,38.6
EXP-AI-001,2026-09-19T134719,rice,cpu,74,602.6246,0.0,38.6
EXP-AI-001,2026-09-19T134719,rice,cpu,75,596.816,0.0,38.6
EXP-AI-001,2026-09-19T134719,rice,cpu,76,596.1826,0.0,38.6
EXP-AI-001,2026-09-19T134719,rice,cpu,77,596.8471,0.0,38.6
EXP-AI-001,2026-09-19T134719,rice,cpu,78,598.3824,0.0,38.6
EXP-AI-001,2026-09-19T134719,rice,cpu,79,598.3879,0.0,38.6
EXP-AI-001,2026-09-19T134719,rice,cpu,80,613.6511,0.0,38.6
EXP-AI-001,2026-09-19T134719,rice,cpu,81,596.5369,0.0,38.6
EXP-AI-001,2026-09-19T134719,rice,cpu,82,601.82,0.0,38.6
EXP-AI-001,2026-09-19T134719,rice,cpu,83,599.7019,0.0,38.6
EXP-AI-001,2026-09-19T134719,rice,cpu,84,595.8712,0.0,38.6
EXP-AI-001,2026-09-19T134719,rice,cpu,85,592.0096,0.0,38.6
EXP-AI-001,2026-09-19T134719,rice,cpu,86,599.4966,0.0,38.6
EXP-AI-001,2026-09-19T134719,rice,cpu,87,597.1759,0.0,38.6
EXP-AI-001,2026-09-19T134719,rice,cpu,88,597.6142,0.0,38.6
EXP-AI-001,2026-09-19T134719,rice,cpu,89,594.1469,0.0,38.6
EXP-AI-001,2026-09-19T134719,rice,cpu,90,600.8535,0.0,38.6
EXP-AI-001,2026-09-19T134719,rice,cpu,91,595.583,0.0,38.6
EXP-AI-001,2026-09-19T134719,rice,cpu,92,593.7404,0.0,38.6
EXP-AI-001,2026-09-19T134719,rice,cpu,93,595.8324,0.0,38.6
EXP-AI-001,2026-09-19T134719,rice,cpu,94,595.3024,0.0,38.6
EXP-AI-001,2026-09-19T134719,rice,cpu,95,590.8752,0.0,38.6
EXP-AI-001,2026-09-19T134719,rice,cpu,96,590.1352,0.0,38.6
EXP-AI-001,2026-09-19T134719,rice,cpu,97,604.1985,0.0,38.6
EXP-AI-001,2026-09-19T134719,rice,cpu,98,589.7472,0.0,38.6
EXP-AI-001,2026-09-19T134719,rice,cpu,99,592.6169,0.0,38.6
EXP-AI-001,2026-09-19T134719,rice,cpu,100,587.1315,0.0,38.6
EXP-AI-001,2026-09-19T134719,rose_best,cpu,1,53.5061,0.0,19.9
EXP-AI-001,2026-09-19T134719,rose_best,cpu,2,55.7735,0.0,19.9
EXP-AI-001,2026-09-19T134719,rose_best,cpu,3,56.7086,0.0,19.9
EXP-AI-001,2026-09-19T134719,rose_best,cpu,4,54.9532,0.0,19.9
EXP-AI-001,2026-09-19T134719,rose_best,cpu,5,61.3519,0.0,19.9
EXP-AI-001,2026-09-19T134719,rose_best,cpu,6,57.5748,0.0,19.9
EXP-AI-001,2026-09-19T134719,rose_best,cpu,7,57.0724,0.0,19.9
EXP-AI-001,2026-09-19T134719,rose_best,cpu,8,56.0862,0.0,19.9
EXP-AI-001,2026-09-19T134719,rose_best,cpu,9,56.119,0.0,19.9
EXP-AI-001,2026-09-19T134719,rose_best,cpu,10,55.6201,0.0,19.9
EXP-AI-001,2026-09-19T134719,rose_best,cpu,11,53.9437,0.0,19.9
EXP-AI-001,2026-09-19T134719,rose_best,cpu,12,60.009,0.0,19.9
EXP-AI-001,2026-09-19T134719,rose_best,cpu,13,59.2323,0.0,19.9
EXP-AI-001,2026-09-19T134719,rose_best,cpu,14,55.4782,0.0,19.9
EXP-AI-001,2026-09-19T134719,rose_best,cpu,15,59.6761,0.0,19.9
EXP-AI-001,2026-09-19T134719,rose_best,cpu,16,53.8371,0.0,19.9
EXP-AI-001,2026-09-19T134719,rose_best,cpu,17,55.2443,0.0,19.9
EXP-AI-001,2026-09-19T134719,rose_best,cpu,18,53.6038,0.0,19.9
EXP-AI-001,2026-09-19T134719,rose_best,cpu,19,53.4652,0.0,19.9
EXP-AI-001,2026-09-19T134719,rose_best,cpu,20,57.6302,0.0,19.9
EXP-AI-001,2026-09-19T134719,rose_best,cpu,21,58.7341,0.0,19.9
EXP-AI-001,2026-09-19T134719,rose_best,cpu,22,54.1231,0.0,19.9
EXP-AI-001,2026-09-19T134719,rose_best,cpu,23,55.5195,0.0,19.9
EXP-AI-001,2026-09-19T134719,rose_best,cpu,24,53.2603,0.0,19.9
EXP-AI-001,2026-09-19T134719,rose_best,cpu,25,66.8513,0.0,19.9
EXP-AI-001,2026-09-19T134719,rose_best,cpu,26,63.5801,0.0,19.9
EXP-AI-001,2026-09-19T134719,rose_best,cpu,27,58.9046,0.0,19.9
EXP-AI-001,2026-09-19T134719,rose_best,cpu,28,54.3582,0.0,19.9
EXP-AI-001,2026-09-19T134719,rose_best,cpu,29,55.4458,0.0,19.9
EXP-AI-001,2026-09-19T134719,rose_best,cpu,30,58.0294,0.0,19.9
EXP-AI-001,2026-09-19T134719,rose_best,cpu,31,56.4963,0.0,19.9
EXP-AI-001,2026-09-19T134719,rose_best,cpu,32,53.7524,0.0,19.9
EXP-AI-001,2026-09-19T134719,rose_best,cpu,33,58.8059,0.0,19.9
EXP-AI-001,2026-09-19T134719,rose_best,cpu,34,53.8537,0.0,19.9
EXP-AI-001,2026-09-19T134719,rose_best,cpu,35,55.3066,0.0,19.9
EXP-AI-001,2026-09-19T134719,rose_best,cpu,36,56.8958,0.0,19.9
EXP-AI-001,2026-09-19T134719,rose_best,cpu,37,53.6942,0.0,19.9
EXP-AI-001,2026-09-19T134719,rose_best,cpu,38,53.1685,0.0,19.9
EXP-AI-001,2026-09-19T134719,rose_best,cpu,39,53.5523,0.0,19.9
EXP-AI-001,2026-09-19T134719,rose_best,cpu,40,54.7985,0.0,19.9
EXP-AI-001,2026-09-19T134719,rose_best,cpu,41,53.1383,0.0,19.9
EXP-AI-001,2026-09-19T134719,rose_best,cpu,42,56.0753,0.0,19.9
EXP-AI-001,2026-09-19T134719,rose_best,cpu,43,56.6838,0.0,19.9
EXP-AI-001,2026-09-19T134719,rose_best,cpu,44,55.6817,0.0,19.9
EXP-AI-001,2026-09-19T134719,rose_best,cpu,45,54.0866,0.0,19.9
EXP-AI-001,2026-09-19T134719,rose_best,cpu,46,57.7307,0.0,19.9
EXP-AI-001,2026-09-19T134719,rose_best,cpu,47,56.1988,0.0,19.9
EXP-AI-001,2026-09-19T134719,rose_best,cpu,48,57.2161,0.0,19.9
EXP-AI-001,2026-09-19T134719,rose_best,cpu,49,59.2657,0.0,19.9
EXP-AI-001,2026-09-19T134719,rose_best,cpu,50,60.2701,0.0,19.9
EXP-AI-001,2026-09-19T134719,rose_best,cpu,51,56.8125,0.0,19.9
EXP-AI-001,2026-09-19T134719,rose_best,cpu,52,56.5734,0.0,19.9
EXP-AI-001,2026-09-19T134719,rose_best,cpu,53,58.8187,0.0,19.9
EXP-AI-001,2026-09-19T134719,rose_best,cpu,54,63.4628,0.0,19.9
EXP-AI-001,2026-09-19T134719,rose_best,cpu,55,58.4943,0.0,19.9
EXP-AI-001,2026-09-19T134719,rose_best,cpu,56,59.2827,0.0,19.9
EXP-AI-001,2026-09-19T134719,rose_best,cpu,57,59.759,0.0,19.9
EXP-AI-001,2026-09-19T134719,rose_best,cpu,58,57.9446,0.0,19.9
EXP-AI-001,2026-09-19T134719,rose_best,cpu,59,56.2742,0.0,19.9
EXP-AI-001,2026-09-19T134719,rose_best,cpu,60,54.5538,0.0,19.9
EXP-AI-001,2026-09-19T134719,rose_best,cpu,61,63.4599,0.0,19.9
EXP-AI-001,2026-09-19T134719,rose_best,cpu,62,54.968,0.0,19.9
EXP-AI-001,2026-09-19T134719,rose_best,cpu,63,57.013,0.0,19.9
EXP-AI-001,2026-09-19T134719,rose_best,cpu,64,58.7361,0.0,19.9
EXP-AI-001,2026-09-19T134719,rose_best,cpu,65,54.5107,0.0,19.9
EXP-AI-001,2026-09-19T134719,rose_best,cpu,66,56.298,0.0,19.9
EXP-AI-001,2026-09-19T134719,rose_best,cpu,67,59.4623,0.0,19.9
EXP-AI-001,2026-09-19T134719,rose_best,cpu,68,60.7146,0.0,19.9
EXP-AI-001,2026-09-19T134719,rose_best,cpu,69,54.7165,0.0,19.9
EXP-AI-001,2026-09-19T134719,rose_best,cpu,70,57.5301,0.0,19.9
EXP-AI-001,2026-09-19T134719,rose_best,cpu,71,56.8907,0.0,19.9
EXP-AI-001,2026-09-19T134719,rose_best,cpu,72,54.7552,0.0,19.9
EXP-AI-001,2026-09-19T134719,rose_best,cpu,73,55.288,0.0,19.9
EXP-AI-001,2026-09-19T134719,rose_best,cpu,74,57.5548,0.0,19.9
EXP-AI-001,2026-09-19T134719,rose_best,cpu,75,58.9303,0.0,19.9
EXP-AI-001,2026-09-19T134719,rose_best,cpu,76,57.6208,0.0,19.9
EXP-AI-001,2026-09-19T134719,rose_best,cpu,77,59.1435,0.0,19.9
EXP-AI-001,2026-09-19T134719,rose_best,cpu,78,56.725,0.0,19.9
EXP-AI-001,2026-09-19T134719,rose_best,cpu,79,59.1911,0.0,19.9
EXP-AI-001,2026-09-19T134719,rose_best,cpu,80,57.044,0.0,19.9
EXP-AI-001,2026-09-19T134719,rose_best,cpu,81,59.4781,0.0,19.9
EXP-AI-001,2026-09-19T134719,rose_best,cpu,82,54.4562,0.0,19.9
EXP-AI-001,2026-09-19T134719,rose_best,cpu,83,58.6821,0.0,19.9
EXP-AI-001,2026-09-19T134719,rose_best,cpu,84,57.5011,0.0,19.9
EXP-AI-001,2026-09-19T134719,rose_best,cpu,85,56.7193,0.0,19.9
EXP-AI-001,2026-09-19T134719,rose_best,cpu,86,57.1096,0.0,19.9
EXP-AI-001,2026-09-19T134719,rose_best,cpu,87,56.3202,0.0,19.9
EXP-AI-001,2026-09-19T134719,rose_best,cpu,88,55.7731,0.0,19.9
EXP-AI-001,2026-09-19T134719,rose_best,cpu,89,59.2078,0.0,19.9
EXP-AI-001,2026-09-19T134719,rose_best,cpu,90,55.483,0.0,19.9
EXP-AI-001,2026-09-19T134719,rose_best,cpu,91,60.7936,0.0,19.9
EXP-AI-001,2026-09-19T134719,rose_best,cpu,92,59.9719,0.0,19.9
EXP-AI-001,2026-09-19T134719,rose_best,cpu,93,55.4097,0.0,19.9
EXP-AI-001,2026-09-19T134719,rose_best,cpu,94,54.811,0.0,19.9
EXP-AI-001,2026-09-19T134719,rose_best,cpu,95,54.3413,0.0,19.9
EXP-AI-001,2026-09-19T134719,rose_best,cpu,96,57.7933,0.0,19.9
EXP-AI-001,2026-09-19T134719,rose_best,cpu,97,56.9637,0.0,19.9
EXP-AI-001,2026-09-19T134719,rose_best,cpu,98,57.0907,0.0,19.9
EXP-AI-001,2026-09-19T134719,rose_best,cpu,99,61.0293,0.0,19.9
EXP-AI-001,2026-09-19T134719,rose_best,cpu,100,55.0727,0.0,19.9
EXP-AI-001,2026-09-19T134719,tea_best,cpu,1,60.8423,0.0,19.9
EXP-AI-001,2026-09-19T134719,tea_best,cpu,2,61.7203,0.0,19.9
EXP-AI-001,2026-09-19T134719,tea_best,cpu,3,57.2481,0.0,19.9
EXP-AI-001,2026-09-19T134719,tea_best,cpu,4,57.1699,0.0,19.9
EXP-AI-001,2026-09-19T134719,tea_best,cpu,5,55.6826,0.0,19.9
EXP-AI-001,2026-09-19T134719,tea_best,cpu,6,61.0271,0.0,19.9
EXP-AI-001,2026-09-19T134719,tea_best,cpu,7,55.2368,0.0,19.9
EXP-AI-001,2026-09-19T134719,tea_best,cpu,8,54.9348,0.0,19.9
EXP-AI-001,2026-09-19T134719,tea_best,cpu,9,54.6939,0.0,19.9
EXP-AI-001,2026-09-19T134719,tea_best,cpu,10,55.2308,0.0,19.9
EXP-AI-001,2026-09-19T134719,tea_best,cpu,11,70.784,0.0,19.9
EXP-AI-001,2026-09-19T134719,tea_best,cpu,12,56.4289,0.0,19.9
EXP-AI-001,2026-09-19T134719,tea_best,cpu,13,61.8324,0.0,19.9
EXP-AI-001,2026-09-19T134719,tea_best,cpu,14,59.5992,0.0,19.9
EXP-AI-001,2026-09-19T134719,tea_best,cpu,15,55.7407,0.0,19.9
EXP-AI-001,2026-09-19T134719,tea_best,cpu,16,55.0064,0.0,19.9
EXP-AI-001,2026-09-19T134719,tea_best,cpu,17,59.6589,0.0,19.9
EXP-AI-001,2026-09-19T134719,tea_best,cpu,18,60.0049,0.0,19.9
EXP-AI-001,2026-09-19T134719,tea_best,cpu,19,56.9982,0.0,19.9
EXP-AI-001,2026-09-19T134719,tea_best,cpu,20,54.8552,0.0,19.9
EXP-AI-001,2026-09-19T134719,tea_best,cpu,21,57.2656,0.0,19.9
EXP-AI-001,2026-09-19T134719,tea_best,cpu,22,55.1094,0.0,19.9
EXP-AI-001,2026-09-19T134719,tea_best,cpu,23,56.0692,0.0,19.9
EXP-AI-001,2026-09-19T134719,tea_best,cpu,24,56.9319,0.0,19.9
EXP-AI-001,2026-09-19T134719,tea_best,cpu,25,60.8415,0.0,19.9
EXP-AI-001,2026-09-19T134719,tea_best,cpu,26,57.0851,0.0,19.9
EXP-AI-001,2026-09-19T134719,tea_best,cpu,27,54.7943,0.0,19.9
EXP-AI-001,2026-09-19T134719,tea_best,cpu,28,55.1409,0.0,19.9
EXP-AI-001,2026-09-19T134719,tea_best,cpu,29,54.8337,0.0,19.9
EXP-AI-001,2026-09-19T134719,tea_best,cpu,30,56.8024,0.0,19.9
EXP-AI-001,2026-09-19T134719,tea_best,cpu,31,60.9051,0.0,19.9
EXP-AI-001,2026-09-19T134719,tea_best,cpu,32,58.3705,0.0,19.9
EXP-AI-001,2026-09-19T134719,tea_best,cpu,33,57.4731,0.0,19.9
EXP-AI-001,2026-09-19T134719,tea_best,cpu,34,56.872,0.0,19.9
EXP-AI-001,2026-09-19T134719,tea_best,cpu,35,54.8417,0.0,19.9
EXP-AI-001,2026-09-19T134719,tea_best,cpu,36,57.5068,0.0,19.9
EXP-AI-001,2026-09-19T134719,tea_best,cpu,37,57.2472,0.0,19.9
EXP-AI-001,2026-09-19T134719,tea_best,cpu,38,55.0178,0.0,19.9
EXP-AI-001,2026-09-19T134719,tea_best,cpu,39,55.5176,0.0,19.9
EXP-AI-001,2026-09-19T134719,tea_best,cpu,40,55.3493,0.0,19.9
EXP-AI-001,2026-09-19T134719,tea_best,cpu,41,58.0658,0.0,19.9
EXP-AI-001,2026-09-19T134719,tea_best,cpu,42,56.8343,0.0,19.9
EXP-AI-001,2026-09-19T134719,tea_best,cpu,43,55.1657,0.0,19.9
EXP-AI-001,2026-09-19T134719,tea_best,cpu,44,62.1685,0.0,19.9
EXP-AI-001,2026-09-19T134719,tea_best,cpu,45,54.8676,0.0,19.9
EXP-AI-001,2026-09-19T134719,tea_best,cpu,46,55.2636,0.0,19.9
EXP-AI-001,2026-09-19T134719,tea_best,cpu,47,58.6566,0.0,19.9
EXP-AI-001,2026-09-19T134719,tea_best,cpu,48,59.6529,0.0,19.9
EXP-AI-001,2026-09-19T134719,tea_best,cpu,49,60.1907,0.0,19.9
EXP-AI-001,2026-09-19T134719,tea_best,cpu,50,58.1165,0.0,19.9
EXP-AI-001,2026-09-19T134719,tea_best,cpu,51,55.7706,0.0,19.9
EXP-AI-001,2026-09-19T134719,tea_best,cpu,52,54.9885,0.0,19.9
EXP-AI-001,2026-09-19T134719,tea_best,cpu,53,62.739,0.0,19.9
EXP-AI-001,2026-09-19T134719,tea_best,cpu,54,56.945,0.0,19.9
EXP-AI-001,2026-09-19T134719,tea_best,cpu,55,56.672,0.0,19.9
EXP-AI-001,2026-09-19T134719,tea_best,cpu,56,54.8169,0.0,19.9
EXP-AI-001,2026-09-19T134719,tea_best,cpu,57,56.9195,0.0,19.9
EXP-AI-001,2026-09-19T134719,tea_best,cpu,58,58.8352,0.0,19.9
EXP-AI-001,2026-09-19T134719,tea_best,cpu,59,60.0077,0.0,19.9
EXP-AI-001,2026-09-19T134719,tea_best,cpu,60,55.5573,0.0,19.9
EXP-AI-001,2026-09-19T134719,tea_best,cpu,61,57.2601,0.0,19.9
EXP-AI-001,2026-09-19T134719,tea_best,cpu,62,55.0571,0.0,19.9
EXP-AI-001,2026-09-19T134719,tea_best,cpu,63,54.6593,0.0,19.9
EXP-AI-001,2026-09-19T134719,tea_best,cpu,64,54.8667,0.0,19.9
EXP-AI-001,2026-09-19T134719,tea_best,cpu,65,54.6216,0.0,19.9
EXP-AI-001,2026-09-19T134719,tea_best,cpu,66,55.01,0.0,19.9
EXP-AI-001,2026-09-19T134719,tea_best,cpu,67,54.5264,0.0,19.9
EXP-AI-001,2026-09-19T134719,tea_best,cpu,68,57.9578,0.0,19.9
EXP-AI-001,2026-09-19T134719,tea_best,cpu,69,57.6282,0.0,19.9
EXP-AI-001,2026-09-19T134719,tea_best,cpu,70,57.2934,0.0,19.9
EXP-AI-001,2026-09-19T134719,tea_best,cpu,71,57.3072,0.0,19.9
EXP-AI-001,2026-09-19T134719,tea_best,cpu,72,55.7435,0.0,19.9
EXP-AI-001,2026-09-19T134719,tea_best,cpu,73,54.7981,0.0,19.9
EXP-AI-001,2026-09-19T134719,tea_best,cpu,74,55.1241,0.0,19.9
EXP-AI-001,2026-09-19T134719,tea_best,cpu,75,59.7714,0.0,19.9
EXP-AI-001,2026-09-19T134719,tea_best,cpu,76,57.2867,0.0,19.9
EXP-AI-001,2026-09-19T134719,tea_best,cpu,77,56.0965,0.0,19.9
EXP-AI-001,2026-09-19T134719,tea_best,cpu,78,63.0574,0.0,19.9
EXP-AI-001,2026-09-19T134719,tea_best,cpu,79,57.1595,0.0,19.9
EXP-AI-001,2026-09-19T134719,tea_best,cpu,80,54.9158,0.0,19.9
EXP-AI-001,2026-09-19T134719,tea_best,cpu,81,59.3532,0.0,19.9
EXP-AI-001,2026-09-19T134719,tea_best,cpu,82,57.6852,0.0,19.9
EXP-AI-001,2026-09-19T134719,tea_best,cpu,83,57.8394,0.0,19.9
EXP-AI-001,2026-09-19T134719,tea_best,cpu,84,54.664,0.0,19.9
EXP-AI-001,2026-09-19T134719,tea_best,cpu,85,57.2489,0.0,19.9
EXP-AI-001,2026-09-19T134719,tea_best,cpu,86,59.0793,0.0,19.9
EXP-AI-001,2026-09-19T134719,tea_best,cpu,87,57.9653,0.0,19.9
EXP-AI-001,2026-09-19T134719,tea_best,cpu,88,55.526,0.0,19.9
EXP-AI-001,2026-09-19T134719,tea_best,cpu,89,60.0235,0.0,19.9
EXP-AI-001,2026-09-19T134719,tea_best,cpu,90,55.008,0.0,19.9
EXP-AI-001,2026-09-19T134719,tea_best,cpu,91,54.8943,0.0,19.9
EXP-AI-001,2026-09-19T134719,tea_best,cpu,92,55.1981,0.0,19.9
EXP-AI-001,2026-09-19T134719,tea_best,cpu,93,60.8483,0.0,19.9
EXP-AI-001,2026-09-19T134719,tea_best,cpu,94,58.5907,0.0,19.9
EXP-AI-001,2026-09-19T134719,tea_best,cpu,95,55.5765,0.0,19.9
EXP-AI-001,2026-09-19T134719,tea_best,cpu,96,59.8707,0.0,19.9
EXP-AI-001,2026-09-19T134719,tea_best,cpu,97,57.2658,0.0,19.9
EXP-AI-001,2026-09-19T134719,tea_best,cpu,98,56.7921,0.0,19.9
EXP-AI-001,2026-09-19T134719,tea_best,cpu,99,56.9431,0.0,19.9
EXP-AI-001,2026-09-19T134719,tea_best,cpu,100,57.5066,0.0,19.9
EXP-AI-001,2026-09-19T134719,tomato,cpu,1,55.6089,0.0,19.9
EXP-AI-001,2026-09-19T134719,tomato,cpu,2,58.3939,0.0,19.9
EXP-AI-001,2026-09-19T134719,tomato,cpu,3,61.2083,0.0,19.9
EXP-AI-001,2026-09-19T134719,tomato,cpu,4,56.7345,0.0,19.9
EXP-AI-001,2026-09-19T134719,tomato,cpu,5,59.538,0.0,19.9
EXP-AI-001,2026-09-19T134719,tomato,cpu,6,54.8998,0.0,19.9
EXP-AI-001,2026-09-19T134719,tomato,cpu,7,61.3981,0.0,19.9
EXP-AI-001,2026-09-19T134719,tomato,cpu,8,56.1835,0.0,19.9
EXP-AI-001,2026-09-19T134719,tomato,cpu,9,58.1388,0.0,19.9
EXP-AI-001,2026-09-19T134719,tomato,cpu,10,59.1343,0.0,19.9
EXP-AI-001,2026-09-19T134719,tomato,cpu,11,54.8668,0.0,19.9
EXP-AI-001,2026-09-19T134719,tomato,cpu,12,57.5442,0.0,19.9
EXP-AI-001,2026-09-19T134719,tomato,cpu,13,60.415,0.0,19.9
EXP-AI-001,2026-09-19T134719,tomato,cpu,14,55.1043,0.0,19.9
EXP-AI-001,2026-09-19T134719,tomato,cpu,15,55.4667,0.0,19.9
EXP-AI-001,2026-09-19T134719,tomato,cpu,16,58.5376,0.0,19.9
EXP-AI-001,2026-09-19T134719,tomato,cpu,17,57.4768,0.0,19.9
EXP-AI-001,2026-09-19T134719,tomato,cpu,18,58.8131,0.0,19.9
EXP-AI-001,2026-09-19T134719,tomato,cpu,19,54.7634,0.0,19.9
EXP-AI-001,2026-09-19T134719,tomato,cpu,20,55.0801,0.0,19.9
EXP-AI-001,2026-09-19T134719,tomato,cpu,21,59.7016,0.0,19.9
EXP-AI-001,2026-09-19T134719,tomato,cpu,22,59.9072,0.0,19.9
EXP-AI-001,2026-09-19T134719,tomato,cpu,23,60.3618,0.0,19.9
EXP-AI-001,2026-09-19T134719,tomato,cpu,24,57.1488,0.0,19.9
EXP-AI-001,2026-09-19T134719,tomato,cpu,25,56.087,0.0,19.9
EXP-AI-001,2026-09-19T134719,tomato,cpu,26,58.2146,0.0,19.9
EXP-AI-001,2026-09-19T134719,tomato,cpu,27,59.4486,0.0,19.9
EXP-AI-001,2026-09-19T134719,tomato,cpu,28,55.0759,0.0,19.9
EXP-AI-001,2026-09-19T134719,tomato,cpu,29,57.2409,0.0,19.9
EXP-AI-001,2026-09-19T134719,tomato,cpu,30,56.7986,0.0,19.9
EXP-AI-001,2026-09-19T134719,tomato,cpu,31,57.3173,0.0,19.9
EXP-AI-001,2026-09-19T134719,tomato,cpu,32,56.5945,0.0,19.9
EXP-AI-001,2026-09-19T134719,tomato,cpu,33,56.3973,0.0,19.9
EXP-AI-001,2026-09-19T134719,tomato,cpu,34,55.8294,0.0,19.9
EXP-AI-001,2026-09-19T134719,tomato,cpu,35,56.7766,0.0,19.9
EXP-AI-001,2026-09-19T134719,tomato,cpu,36,54.9627,0.0,19.9
EXP-AI-001,2026-09-19T134719,tomato,cpu,37,59.3104,0.0,19.9
EXP-AI-001,2026-09-19T134719,tomato,cpu,38,57.0726,0.0,19.9
EXP-AI-001,2026-09-19T134719,tomato,cpu,39,54.4707,0.0,19.9
EXP-AI-001,2026-09-19T134719,tomato,cpu,40,57.78,0.0,19.9
EXP-AI-001,2026-09-19T134719,tomato,cpu,41,56.8078,0.0,19.9
EXP-AI-001,2026-09-19T134719,tomato,cpu,42,57.2975,0.0,19.9
EXP-AI-001,2026-09-19T134719,tomato,cpu,43,56.3582,0.0,19.9
EXP-AI-001,2026-09-19T134719,tomato,cpu,44,59.5064,0.0,19.9
EXP-AI-001,2026-09-19T134719,tomato,cpu,45,55.1021,0.0,19.9
EXP-AI-001,2026-09-19T134719,tomato,cpu,46,55.0094,0.0,19.9
EXP-AI-001,2026-09-19T134719,tomato,cpu,47,56.4419,0.0,19.9
EXP-AI-001,2026-09-19T134719,tomato,cpu,48,54.7865,0.0,19.9
EXP-AI-001,2026-09-19T134719,tomato,cpu,49,56.9167,0.0,19.9
EXP-AI-001,2026-09-19T134719,tomato,cpu,50,57.5486,0.0,19.9
EXP-AI-001,2026-09-19T134719,tomato,cpu,51,54.775,0.0,19.9
EXP-AI-001,2026-09-19T134719,tomato,cpu,52,58.381,0.0,19.9
EXP-AI-001,2026-09-19T134719,tomato,cpu,53,58.3059,0.0,19.9
EXP-AI-001,2026-09-19T134719,tomato,cpu,54,61.6136,0.0,19.9
EXP-AI-001,2026-09-19T134719,tomato,cpu,55,58.9612,0.0,19.9
EXP-AI-001,2026-09-19T134719,tomato,cpu,56,55.5905,0.0,19.9
EXP-AI-001,2026-09-19T134719,tomato,cpu,57,61.2269,0.0,19.9
EXP-AI-001,2026-09-19T134719,tomato,cpu,58,56.7586,0.0,19.9
EXP-AI-001,2026-09-19T134719,tomato,cpu,59,59.6226,0.0,19.9
EXP-AI-001,2026-09-19T134719,tomato,cpu,60,60.2695,0.0,19.9
EXP-AI-001,2026-09-19T134719,tomato,cpu,61,59.7899,0.0,19.9
EXP-AI-001,2026-09-19T134719,tomato,cpu,62,57.7901,0.0,19.9
EXP-AI-001,2026-09-19T134719,tomato,cpu,63,56.6166,0.0,19.9
EXP-AI-001,2026-09-19T134719,tomato,cpu,64,59.8038,0.0,19.9
EXP-AI-001,2026-09-19T134719,tomato,cpu,65,56.8844,0.0,19.9
EXP-AI-001,2026-09-19T134719,tomato,cpu,66,58.6987,0.0,19.9
EXP-AI-001,2026-09-19T134719,tomato,cpu,67,54.4754,0.0,19.9
EXP-AI-001,2026-09-19T134719,tomato,cpu,68,60.4297,0.0,19.9
EXP-AI-001,2026-09-19T134719,tomato,cpu,69,60.0554,0.0,19.9
EXP-AI-001,2026-09-19T134719,tomato,cpu,70,56.9331,0.0,19.9
EXP-AI-001,2026-09-19T134719,tomato,cpu,71,55.0064,0.0,19.9
EXP-AI-001,2026-09-19T134719,tomato,cpu,72,69.7387,0.0,19.9
EXP-AI-001,2026-09-19T134719,tomato,cpu,73,55.93,0.0,19.9
EXP-AI-001,2026-09-19T134719,tomato,cpu,74,60.3368,0.0,19.9
EXP-AI-001,2026-09-19T134719,tomato,cpu,75,54.622,0.0,19.9
EXP-AI-001,2026-09-19T134719,tomato,cpu,76,59.1304,0.0,19.9
EXP-AI-001,2026-09-19T134719,tomato,cpu,77,58.6364,0.0,19.9
EXP-AI-001,2026-09-19T134719,tomato,cpu,78,61.8301,0.0,19.9
EXP-AI-001,2026-09-19T134719,tomato,cpu,79,57.7601,0.0,19.9
EXP-AI-001,2026-09-19T134719,tomato,cpu,80,59.1645,0.0,19.9
EXP-AI-001,2026-09-19T134719,tomato,cpu,81,54.506,0.0,19.9
EXP-AI-001,2026-09-19T134719,tomato,cpu,82,57.2902,0.0,19.9
EXP-AI-001,2026-09-19T134719,tomato,cpu,83,59.1816,0.0,19.9
EXP-AI-001,2026-09-19T134719,tomato,cpu,84,59.8465,0.0,19.9
EXP-AI-001,2026-09-19T134719,tomato,cpu,85,59.5323,0.0,19.9
EXP-AI-001,2026-09-19T134719,tomato,cpu,86,56.6676,0.0,19.9
EXP-AI-001,2026-09-19T134719,tomato,cpu,87,57.9069,0.0,19.9
EXP-AI-001,2026-09-19T134719,tomato,cpu,88,58.0238,0.0,19.9
EXP-AI-001,2026-09-19T134719,tomato,cpu,89,59.224,0.0,19.9
EXP-AI-001,2026-09-19T134719,tomato,cpu,90,57.5577,0.0,19.9
EXP-AI-001,2026-09-19T134719,tomato,cpu,91,55.7214,0.0,19.9
EXP-AI-001,2026-09-19T134719,tomato,cpu,92,57.7719,0.0,19.9
EXP-AI-001,2026-09-19T134719,tomato,cpu,93,59.5634,0.0,19.9
EXP-AI-001,2026-09-19T134719,tomato,cpu,94,61.0289,0.0,19.9
EXP-AI-001,2026-09-19T134719,tomato,cpu,95,60.1656,0.0,19.9
EXP-AI-001,2026-09-19T134719,tomato,cpu,96,58.4642,0.0,19.9
EXP-AI-001,2026-09-19T134719,tomato,cpu,97,57.5239,0.0,19.9
EXP-AI-001,2026-09-19T134719,tomato,cpu,98,54.8193,0.0,19.9
EXP-AI-001,2026-09-19T134719,tomato,cpu,99,58.0001,0.0,19.9
EXP-AI-001,2026-09-19T134719,tomato,cpu,100,56.9035,0.0,19.9
EXP-AI-001,2026-09-19T134719,Anthurium_best,cuda,1,10.4272,72.5,19.9
EXP-AI-001,2026-09-19T134719,Anthurium_best,cuda,2,10.2594,72.5,19.9
EXP-AI-001,2026-09-19T134719,Anthurium_best,cuda,3,10.4028,72.5,19.9
EXP-AI-001,2026-09-19T134719,Anthurium_best,cuda,4,10.6604,72.5,19.9
EXP-AI-001,2026-09-19T134719,Anthurium_best,cuda,5,11.4015,72.5,19.9
EXP-AI-001,2026-09-19T134719,Anthurium_best,cuda,6,10.5017,72.5,19.9
EXP-AI-001,2026-09-19T134719,Anthurium_best,cuda,7,10.381,72.5,19.9
EXP-AI-001,2026-09-19T134719,Anthurium_best,cuda,8,10.4252,72.5,19.9
EXP-AI-001,2026-09-19T134719,Anthurium_best,cuda,9,10.2383,72.5,19.9
EXP-AI-001,2026-09-19T134719,Anthurium_best,cuda,10,10.3152,72.5,19.9
EXP-AI-001,2026-09-19T134719,Anthurium_best,cuda,11,10.362,72.5,19.9
EXP-AI-001,2026-09-19T134719,Anthurium_best,cuda,12,10.229,72.5,19.9
EXP-AI-001,2026-09-19T134719,Anthurium_best,cuda,13,10.255,72.5,19.9
EXP-AI-001,2026-09-19T134719,Anthurium_best,cuda,14,10.2075,72.5,19.9
EXP-AI-001,2026-09-19T134719,Anthurium_best,cuda,15,10.2806,72.5,19.9
EXP-AI-001,2026-09-19T134719,Anthurium_best,cuda,16,10.1424,72.5,19.9
EXP-AI-001,2026-09-19T134719,Anthurium_best,cuda,17,10.3824,72.5,19.9
EXP-AI-001,2026-09-19T134719,Anthurium_best,cuda,18,10.1718,72.5,19.9
EXP-AI-001,2026-09-19T134719,Anthurium_best,cuda,19,10.1094,72.5,19.9
EXP-AI-001,2026-09-19T134719,Anthurium_best,cuda,20,10.2947,72.5,19.9
EXP-AI-001,2026-09-19T134719,Anthurium_best,cuda,21,10.1305,72.5,19.9
EXP-AI-001,2026-09-19T134719,Anthurium_best,cuda,22,10.4218,72.5,19.9
EXP-AI-001,2026-09-19T134719,Anthurium_best,cuda,23,10.651,72.5,19.9
EXP-AI-001,2026-09-19T134719,Anthurium_best,cuda,24,10.3764,72.5,19.9
EXP-AI-001,2026-09-19T134719,Anthurium_best,cuda,25,10.3282,72.5,19.9
EXP-AI-001,2026-09-19T134719,Anthurium_best,cuda,26,10.3292,72.5,19.9
EXP-AI-001,2026-09-19T134719,Anthurium_best,cuda,27,10.2382,72.5,19.9
EXP-AI-001,2026-09-19T134719,Anthurium_best,cuda,28,10.4098,72.5,19.9
EXP-AI-001,2026-09-19T134719,Anthurium_best,cuda,29,10.6422,72.5,19.9
EXP-AI-001,2026-09-19T134719,Anthurium_best,cuda,30,10.3895,72.5,19.9
EXP-AI-001,2026-09-19T134719,Anthurium_best,cuda,31,10.2187,72.5,19.9
EXP-AI-001,2026-09-19T134719,Anthurium_best,cuda,32,10.2276,72.5,19.9
EXP-AI-001,2026-09-19T134719,Anthurium_best,cuda,33,10.2555,72.5,19.9
EXP-AI-001,2026-09-19T134719,Anthurium_best,cuda,34,10.4651,72.5,19.9
EXP-AI-001,2026-09-19T134719,Anthurium_best,cuda,35,10.5904,72.5,19.9
EXP-AI-001,2026-09-19T134719,Anthurium_best,cuda,36,10.2178,72.5,19.9
EXP-AI-001,2026-09-19T134719,Anthurium_best,cuda,37,10.535,72.5,19.9
EXP-AI-001,2026-09-19T134719,Anthurium_best,cuda,38,10.313,72.5,19.9
EXP-AI-001,2026-09-19T134719,Anthurium_best,cuda,39,10.2859,72.5,19.9
EXP-AI-001,2026-09-19T134719,Anthurium_best,cuda,40,10.385,72.5,19.9
EXP-AI-001,2026-09-19T134719,Anthurium_best,cuda,41,10.193,72.5,19.9
EXP-AI-001,2026-09-19T134719,Anthurium_best,cuda,42,10.2988,72.5,19.9
EXP-AI-001,2026-09-19T134719,Anthurium_best,cuda,43,10.4387,72.5,19.9
EXP-AI-001,2026-09-19T134719,Anthurium_best,cuda,44,10.2673,72.5,19.9
EXP-AI-001,2026-09-19T134719,Anthurium_best,cuda,45,10.2919,72.5,19.9
EXP-AI-001,2026-09-19T134719,Anthurium_best,cuda,46,10.2625,72.5,19.9
EXP-AI-001,2026-09-19T134719,Anthurium_best,cuda,47,10.2884,72.5,19.9
EXP-AI-001,2026-09-19T134719,Anthurium_best,cuda,48,10.1848,72.5,19.9
EXP-AI-001,2026-09-19T134719,Anthurium_best,cuda,49,10.3186,72.5,19.9
EXP-AI-001,2026-09-19T134719,Anthurium_best,cuda,50,10.3973,72.5,19.9
EXP-AI-001,2026-09-19T134719,Anthurium_best,cuda,51,10.2159,72.5,19.9
EXP-AI-001,2026-09-19T134719,Anthurium_best,cuda,52,10.4193,72.5,19.9
EXP-AI-001,2026-09-19T134719,Anthurium_best,cuda,53,10.3617,72.5,19.9
EXP-AI-001,2026-09-19T134719,Anthurium_best,cuda,54,10.499,72.5,19.9
EXP-AI-001,2026-09-19T134719,Anthurium_best,cuda,55,10.4837,72.5,19.9
EXP-AI-001,2026-09-19T134719,Anthurium_best,cuda,56,10.2742,72.5,19.9
EXP-AI-001,2026-09-19T134719,Anthurium_best,cuda,57,10.6711,72.5,19.9
EXP-AI-001,2026-09-19T134719,Anthurium_best,cuda,58,10.433,72.5,19.9
EXP-AI-001,2026-09-19T134719,Anthurium_best,cuda,59,10.2626,72.5,19.9
EXP-AI-001,2026-09-19T134719,Anthurium_best,cuda,60,10.3083,72.5,19.9
EXP-AI-001,2026-09-19T134719,Anthurium_best,cuda,61,10.2608,72.5,19.9
EXP-AI-001,2026-09-19T134719,Anthurium_best,cuda,62,10.3495,72.5,19.9
EXP-AI-001,2026-09-19T134719,Anthurium_best,cuda,63,10.4564,72.5,19.9
EXP-AI-001,2026-09-19T134719,Anthurium_best,cuda,64,10.4505,72.5,19.9
EXP-AI-001,2026-09-19T134719,Anthurium_best,cuda,65,10.1354,72.5,19.9
EXP-AI-001,2026-09-19T134719,Anthurium_best,cuda,66,10.4954,72.5,19.9
EXP-AI-001,2026-09-19T134719,Anthurium_best,cuda,67,10.2252,72.5,19.9
EXP-AI-001,2026-09-19T134719,Anthurium_best,cuda,68,10.2564,72.5,19.9
EXP-AI-001,2026-09-19T134719,Anthurium_best,cuda,69,10.2672,72.5,19.9
EXP-AI-001,2026-09-19T134719,Anthurium_best,cuda,70,10.2257,72.5,19.9
EXP-AI-001,2026-09-19T134719,Anthurium_best,cuda,71,10.3108,72.5,19.9
EXP-AI-001,2026-09-19T134719,Anthurium_best,cuda,72,10.4342,72.5,19.9
EXP-AI-001,2026-09-19T134719,Anthurium_best,cuda,73,10.5367,72.5,19.9
EXP-AI-001,2026-09-19T134719,Anthurium_best,cuda,74,10.1982,72.5,19.9
EXP-AI-001,2026-09-19T134719,Anthurium_best,cuda,75,10.4234,72.5,19.9
EXP-AI-001,2026-09-19T134719,Anthurium_best,cuda,76,10.4917,72.5,19.9
EXP-AI-001,2026-09-19T134719,Anthurium_best,cuda,77,10.1742,72.5,19.9
EXP-AI-001,2026-09-19T134719,Anthurium_best,cuda,78,10.303,72.5,19.9
EXP-AI-001,2026-09-19T134719,Anthurium_best,cuda,79,10.3151,72.5,19.9
EXP-AI-001,2026-09-19T134719,Anthurium_best,cuda,80,10.0787,72.5,19.9
EXP-AI-001,2026-09-19T134719,Anthurium_best,cuda,81,10.5731,72.5,19.9
EXP-AI-001,2026-09-19T134719,Anthurium_best,cuda,82,10.5985,72.5,19.9
EXP-AI-001,2026-09-19T134719,Anthurium_best,cuda,83,10.2336,72.5,19.9
EXP-AI-001,2026-09-19T134719,Anthurium_best,cuda,84,10.5811,72.5,19.9
EXP-AI-001,2026-09-19T134719,Anthurium_best,cuda,85,10.592,72.5,19.9
EXP-AI-001,2026-09-19T134719,Anthurium_best,cuda,86,10.2218,72.5,19.9
EXP-AI-001,2026-09-19T134719,Anthurium_best,cuda,87,10.252,72.5,19.9
EXP-AI-001,2026-09-19T134719,Anthurium_best,cuda,88,10.2612,72.5,19.9
EXP-AI-001,2026-09-19T134719,Anthurium_best,cuda,89,10.2989,72.5,19.9
EXP-AI-001,2026-09-19T134719,Anthurium_best,cuda,90,10.4365,72.5,19.9
EXP-AI-001,2026-09-19T134719,Anthurium_best,cuda,91,10.4489,72.5,19.9
EXP-AI-001,2026-09-19T134719,Anthurium_best,cuda,92,10.502,72.5,19.9
EXP-AI-001,2026-09-19T134719,Anthurium_best,cuda,93,10.2951,72.5,19.9
EXP-AI-001,2026-09-19T134719,Anthurium_best,cuda,94,10.3727,72.5,19.9
EXP-AI-001,2026-09-19T134719,Anthurium_best,cuda,95,10.3091,72.5,19.9
EXP-AI-001,2026-09-19T134719,Anthurium_best,cuda,96,10.2498,72.5,19.9
EXP-AI-001,2026-09-19T134719,Anthurium_best,cuda,97,10.417,72.5,19.9
EXP-AI-001,2026-09-19T134719,Anthurium_best,cuda,98,10.2604,72.5,19.9
EXP-AI-001,2026-09-19T134719,Anthurium_best,cuda,99,10.2949,72.5,19.9
EXP-AI-001,2026-09-19T134719,Anthurium_best,cuda,100,10.2311,72.5,19.9
EXP-AI-001,2026-09-19T134719,brinjai,cuda,1,10.4307,72.52,19.9
EXP-AI-001,2026-09-19T134719,brinjai,cuda,2,10.448,72.52,19.9
EXP-AI-001,2026-09-19T134719,brinjai,cuda,3,10.5682,72.52,19.9
EXP-AI-001,2026-09-19T134719,brinjai,cuda,4,11.2026,72.52,19.9
EXP-AI-001,2026-09-19T134719,brinjai,cuda,5,10.5794,72.52,19.9
EXP-AI-001,2026-09-19T134719,brinjai,cuda,6,10.524,72.52,19.9
EXP-AI-001,2026-09-19T134719,brinjai,cuda,7,10.6753,72.52,19.9
EXP-AI-001,2026-09-19T134719,brinjai,cuda,8,10.4068,72.52,19.9
EXP-AI-001,2026-09-19T134719,brinjai,cuda,9,10.5423,72.52,19.9
EXP-AI-001,2026-09-19T134719,brinjai,cuda,10,10.7742,72.52,19.9
EXP-AI-001,2026-09-19T134719,brinjai,cuda,11,10.3347,72.52,19.9
EXP-AI-001,2026-09-19T134719,brinjai,cuda,12,10.443,72.52,19.9
EXP-AI-001,2026-09-19T134719,brinjai,cuda,13,10.6083,72.52,19.9
EXP-AI-001,2026-09-19T134719,brinjai,cuda,14,10.5822,72.52,19.9
EXP-AI-001,2026-09-19T134719,brinjai,cuda,15,10.4746,72.52,19.9
EXP-AI-001,2026-09-19T134719,brinjai,cuda,16,10.4081,72.52,19.9
EXP-AI-001,2026-09-19T134719,brinjai,cuda,17,10.5881,72.52,19.9
EXP-AI-001,2026-09-19T134719,brinjai,cuda,18,10.2793,72.52,19.9
EXP-AI-001,2026-09-19T134719,brinjai,cuda,19,10.3423,72.52,19.9
EXP-AI-001,2026-09-19T134719,brinjai,cuda,20,10.5038,72.52,19.9
EXP-AI-001,2026-09-19T134719,brinjai,cuda,21,10.4791,72.52,19.9
EXP-AI-001,2026-09-19T134719,brinjai,cuda,22,10.6961,72.52,19.9
EXP-AI-001,2026-09-19T134719,brinjai,cuda,23,10.659,72.52,19.9
EXP-AI-001,2026-09-19T134719,brinjai,cuda,24,10.4738,72.52,19.9
EXP-AI-001,2026-09-19T134719,brinjai,cuda,25,10.7545,72.52,19.9
EXP-AI-001,2026-09-19T134719,brinjai,cuda,26,10.5908,72.52,19.9
EXP-AI-001,2026-09-19T134719,brinjai,cuda,27,10.6075,72.52,19.9
EXP-AI-001,2026-09-19T134719,brinjai,cuda,28,10.4781,72.52,19.9
EXP-AI-001,2026-09-19T134719,brinjai,cuda,29,10.5052,72.52,19.9
EXP-AI-001,2026-09-19T134719,brinjai,cuda,30,10.4545,72.52,19.9
EXP-AI-001,2026-09-19T134719,brinjai,cuda,31,10.4158,72.52,19.9
EXP-AI-001,2026-09-19T134719,brinjai,cuda,32,10.6849,72.52,19.9
EXP-AI-001,2026-09-19T134719,brinjai,cuda,33,10.4797,72.52,19.9
EXP-AI-001,2026-09-19T134719,brinjai,cuda,34,10.5622,72.52,19.9
EXP-AI-001,2026-09-19T134719,brinjai,cuda,35,10.3773,72.52,19.9
EXP-AI-001,2026-09-19T134719,brinjai,cuda,36,10.5132,72.52,19.9
EXP-AI-001,2026-09-19T134719,brinjai,cuda,37,10.5927,72.52,19.9
EXP-AI-001,2026-09-19T134719,brinjai,cuda,38,10.4373,72.52,19.9
EXP-AI-001,2026-09-19T134719,brinjai,cuda,39,10.3857,72.52,19.9
EXP-AI-001,2026-09-19T134719,brinjai,cuda,40,10.4933,72.52,19.9
EXP-AI-001,2026-09-19T134719,brinjai,cuda,41,10.5165,72.52,19.9
EXP-AI-001,2026-09-19T134719,brinjai,cuda,42,10.4971,72.52,19.9
EXP-AI-001,2026-09-19T134719,brinjai,cuda,43,10.6662,72.52,19.9
EXP-AI-001,2026-09-19T134719,brinjai,cuda,44,10.4946,72.52,19.9
EXP-AI-001,2026-09-19T134719,brinjai,cuda,45,10.3725,72.52,19.9
EXP-AI-001,2026-09-19T134719,brinjai,cuda,46,10.4123,72.52,19.9
EXP-AI-001,2026-09-19T134719,brinjai,cuda,47,10.3839,72.52,19.9
EXP-AI-001,2026-09-19T134719,brinjai,cuda,48,10.4219,72.52,19.9
EXP-AI-001,2026-09-19T134719,brinjai,cuda,49,10.5628,72.52,19.9
EXP-AI-001,2026-09-19T134719,brinjai,cuda,50,10.4951,72.52,19.9
EXP-AI-001,2026-09-19T134719,brinjai,cuda,51,10.6672,72.52,19.9
EXP-AI-001,2026-09-19T134719,brinjai,cuda,52,10.4933,72.52,19.9
EXP-AI-001,2026-09-19T134719,brinjai,cuda,53,11.2383,72.52,19.9
EXP-AI-001,2026-09-19T134719,brinjai,cuda,54,10.565,72.52,19.9
EXP-AI-001,2026-09-19T134719,brinjai,cuda,55,10.5397,72.52,19.9
EXP-AI-001,2026-09-19T134719,brinjai,cuda,56,10.3749,72.52,19.9
EXP-AI-001,2026-09-19T134719,brinjai,cuda,57,10.6433,72.52,19.9
EXP-AI-001,2026-09-19T134719,brinjai,cuda,58,10.5421,72.52,19.9
EXP-AI-001,2026-09-19T134719,brinjai,cuda,59,10.5032,72.52,19.9
EXP-AI-001,2026-09-19T134719,brinjai,cuda,60,10.4105,72.52,19.9
EXP-AI-001,2026-09-19T134719,brinjai,cuda,61,10.5827,72.52,19.9
EXP-AI-001,2026-09-19T134719,brinjai,cuda,62,10.4531,72.52,19.9
EXP-AI-001,2026-09-19T134719,brinjai,cuda,63,10.8502,72.52,19.9
EXP-AI-001,2026-09-19T134719,brinjai,cuda,64,10.5499,72.52,19.9
EXP-AI-001,2026-09-19T134719,brinjai,cuda,65,10.4922,72.52,19.9
EXP-AI-001,2026-09-19T134719,brinjai,cuda,66,10.6359,72.52,19.9
EXP-AI-001,2026-09-19T134719,brinjai,cuda,67,10.6004,72.52,19.9
EXP-AI-001,2026-09-19T134719,brinjai,cuda,68,11.0691,72.52,19.9
EXP-AI-001,2026-09-19T134719,brinjai,cuda,69,10.9933,72.52,19.9
EXP-AI-001,2026-09-19T134719,brinjai,cuda,70,10.7118,72.52,19.9
EXP-AI-001,2026-09-19T134719,brinjai,cuda,71,10.6749,72.52,19.9
EXP-AI-001,2026-09-19T134719,brinjai,cuda,72,10.402,72.52,19.9
EXP-AI-001,2026-09-19T134719,brinjai,cuda,73,10.5133,72.52,19.9
EXP-AI-001,2026-09-19T134719,brinjai,cuda,74,10.6549,72.52,19.9
EXP-AI-001,2026-09-19T134719,brinjai,cuda,75,10.3485,72.52,19.9
EXP-AI-001,2026-09-19T134719,brinjai,cuda,76,10.2982,72.52,19.9
EXP-AI-001,2026-09-19T134719,brinjai,cuda,77,10.5067,72.52,19.9
EXP-AI-001,2026-09-19T134719,brinjai,cuda,78,10.5585,72.52,19.9
EXP-AI-001,2026-09-19T134719,brinjai,cuda,79,10.4431,72.52,19.9
EXP-AI-001,2026-09-19T134719,brinjai,cuda,80,10.8189,72.52,19.9
EXP-AI-001,2026-09-19T134719,brinjai,cuda,81,10.5858,72.52,19.9
EXP-AI-001,2026-09-19T134719,brinjai,cuda,82,10.3246,72.52,19.9
EXP-AI-001,2026-09-19T134719,brinjai,cuda,83,10.488,72.52,19.9
EXP-AI-001,2026-09-19T134719,brinjai,cuda,84,10.3716,72.52,19.9
EXP-AI-001,2026-09-19T134719,brinjai,cuda,85,10.5315,72.52,19.9
EXP-AI-001,2026-09-19T134719,brinjai,cuda,86,10.8094,72.52,19.9
EXP-AI-001,2026-09-19T134719,brinjai,cuda,87,10.5925,72.52,19.9
EXP-AI-001,2026-09-19T134719,brinjai,cuda,88,10.4853,72.52,19.9
EXP-AI-001,2026-09-19T134719,brinjai,cuda,89,10.573,72.52,19.9
EXP-AI-001,2026-09-19T134719,brinjai,cuda,90,10.4632,72.52,19.9
EXP-AI-001,2026-09-19T134719,brinjai,cuda,91,10.557,72.52,19.9
EXP-AI-001,2026-09-19T134719,brinjai,cuda,92,10.3514,72.52,19.9
EXP-AI-001,2026-09-19T134719,brinjai,cuda,93,10.4483,72.52,19.9
EXP-AI-001,2026-09-19T134719,brinjai,cuda,94,10.3878,72.52,19.9
EXP-AI-001,2026-09-19T134719,brinjai,cuda,95,10.41,72.52,19.9
EXP-AI-001,2026-09-19T134719,brinjai,cuda,96,10.4062,72.52,19.9
EXP-AI-001,2026-09-19T134719,brinjai,cuda,97,10.5524,72.52,19.9
EXP-AI-001,2026-09-19T134719,brinjai,cuda,98,10.4466,72.52,19.9
EXP-AI-001,2026-09-19T134719,brinjai,cuda,99,10.6205,72.52,19.9
EXP-AI-001,2026-09-19T134719,brinjai,cuda,100,10.428,72.52,19.9
EXP-AI-001,2026-09-19T134719,cabbage_best,cuda,1,10.2677,72.49,19.9
EXP-AI-001,2026-09-19T134719,cabbage_best,cuda,2,10.4043,72.49,19.9
EXP-AI-001,2026-09-19T134719,cabbage_best,cuda,3,10.5079,72.49,19.9
EXP-AI-001,2026-09-19T134719,cabbage_best,cuda,4,10.7219,72.49,19.9
EXP-AI-001,2026-09-19T134719,cabbage_best,cuda,5,10.5477,72.49,19.9
EXP-AI-001,2026-09-19T134719,cabbage_best,cuda,6,10.3179,72.49,19.9
EXP-AI-001,2026-09-19T134719,cabbage_best,cuda,7,10.3862,72.49,19.9
EXP-AI-001,2026-09-19T134719,cabbage_best,cuda,8,10.6396,72.49,19.9
EXP-AI-001,2026-09-19T134719,cabbage_best,cuda,9,10.6798,72.49,19.9
EXP-AI-001,2026-09-19T134719,cabbage_best,cuda,10,10.9387,72.49,19.9
EXP-AI-001,2026-09-19T134719,cabbage_best,cuda,11,10.587,72.49,19.9
EXP-AI-001,2026-09-19T134719,cabbage_best,cuda,12,10.2175,72.49,19.9
EXP-AI-001,2026-09-19T134719,cabbage_best,cuda,13,11.0651,72.49,19.9
EXP-AI-001,2026-09-19T134719,cabbage_best,cuda,14,10.7693,72.49,19.9
EXP-AI-001,2026-09-19T134719,cabbage_best,cuda,15,10.524,72.49,19.9
EXP-AI-001,2026-09-19T134719,cabbage_best,cuda,16,10.4347,72.49,19.9
EXP-AI-001,2026-09-19T134719,cabbage_best,cuda,17,10.5266,72.49,19.9
EXP-AI-001,2026-09-19T134719,cabbage_best,cuda,18,10.7751,72.49,19.9
EXP-AI-001,2026-09-19T134719,cabbage_best,cuda,19,10.4191,72.49,19.9
EXP-AI-001,2026-09-19T134719,cabbage_best,cuda,20,10.4308,72.49,19.9
EXP-AI-001,2026-09-19T134719,cabbage_best,cuda,21,10.4982,72.49,19.9
EXP-AI-001,2026-09-19T134719,cabbage_best,cuda,22,10.4397,72.49,19.9
EXP-AI-001,2026-09-19T134719,cabbage_best,cuda,23,10.3314,72.49,19.9
EXP-AI-001,2026-09-19T134719,cabbage_best,cuda,24,10.2691,72.49,19.9
EXP-AI-001,2026-09-19T134719,cabbage_best,cuda,25,10.4992,72.49,19.9
EXP-AI-001,2026-09-19T134719,cabbage_best,cuda,26,10.3496,72.49,19.9
EXP-AI-001,2026-09-19T134719,cabbage_best,cuda,27,10.3983,72.49,19.9
EXP-AI-001,2026-09-19T134719,cabbage_best,cuda,28,10.8085,72.49,19.9
EXP-AI-001,2026-09-19T134719,cabbage_best,cuda,29,10.4134,72.49,19.9
EXP-AI-001,2026-09-19T134719,cabbage_best,cuda,30,10.4134,72.49,19.9
EXP-AI-001,2026-09-19T134719,cabbage_best,cuda,31,10.5105,72.49,19.9
EXP-AI-001,2026-09-19T134719,cabbage_best,cuda,32,10.4873,72.49,19.9
EXP-AI-001,2026-09-19T134719,cabbage_best,cuda,33,10.4377,72.49,19.9
EXP-AI-001,2026-09-19T134719,cabbage_best,cuda,34,10.6285,72.49,19.9
EXP-AI-001,2026-09-19T134719,cabbage_best,cuda,35,11.5104,72.49,19.9
EXP-AI-001,2026-09-19T134719,cabbage_best,cuda,36,10.4243,72.49,19.9
EXP-AI-001,2026-09-19T134719,cabbage_best,cuda,37,10.6659,72.49,19.9
EXP-AI-001,2026-09-19T134719,cabbage_best,cuda,38,10.601,72.49,19.9
EXP-AI-001,2026-09-19T134719,cabbage_best,cuda,39,10.4453,72.49,19.9
EXP-AI-001,2026-09-19T134719,cabbage_best,cuda,40,10.4514,72.49,19.9
EXP-AI-001,2026-09-19T134719,cabbage_best,cuda,41,10.4514,72.49,19.9
EXP-AI-001,2026-09-19T134719,cabbage_best,cuda,42,10.3938,72.49,19.9
EXP-AI-001,2026-09-19T134719,cabbage_best,cuda,43,10.446,72.49,19.9
EXP-AI-001,2026-09-19T134719,cabbage_best,cuda,44,10.3466,72.49,19.9
EXP-AI-001,2026-09-19T134719,cabbage_best,cuda,45,10.3828,72.49,19.9
EXP-AI-001,2026-09-19T134719,cabbage_best,cuda,46,10.2343,72.49,19.9
EXP-AI-001,2026-09-19T134719,cabbage_best,cuda,47,10.6414,72.49,19.9
EXP-AI-001,2026-09-19T134719,cabbage_best,cuda,48,10.6144,72.49,19.9
EXP-AI-001,2026-09-19T134719,cabbage_best,cuda,49,10.6339,72.49,19.9
EXP-AI-001,2026-09-19T134719,cabbage_best,cuda,50,10.5162,72.49,19.9
EXP-AI-001,2026-09-19T134719,cabbage_best,cuda,51,10.4809,72.49,19.9
EXP-AI-001,2026-09-19T134719,cabbage_best,cuda,52,10.4862,72.49,19.9
EXP-AI-001,2026-09-19T134719,cabbage_best,cuda,53,10.3978,72.49,19.9
EXP-AI-001,2026-09-19T134719,cabbage_best,cuda,54,10.4361,72.49,19.9
EXP-AI-001,2026-09-19T134719,cabbage_best,cuda,55,10.5193,72.49,19.9
EXP-AI-001,2026-09-19T134719,cabbage_best,cuda,56,10.5348,72.49,19.9
EXP-AI-001,2026-09-19T134719,cabbage_best,cuda,57,10.4474,72.49,19.9
EXP-AI-001,2026-09-19T134719,cabbage_best,cuda,58,10.626,72.49,19.9
EXP-AI-001,2026-09-19T134719,cabbage_best,cuda,59,10.4102,72.49,19.9
EXP-AI-001,2026-09-19T134719,cabbage_best,cuda,60,10.2793,72.49,19.9
EXP-AI-001,2026-09-19T134719,cabbage_best,cuda,61,10.4402,72.49,19.9
EXP-AI-001,2026-09-19T134719,cabbage_best,cuda,62,10.4597,72.49,19.9
EXP-AI-001,2026-09-19T134719,cabbage_best,cuda,63,10.3665,72.49,19.9
EXP-AI-001,2026-09-19T134719,cabbage_best,cuda,64,10.3917,72.49,19.9
EXP-AI-001,2026-09-19T134719,cabbage_best,cuda,65,10.486,72.49,19.9
EXP-AI-001,2026-09-19T134719,cabbage_best,cuda,66,10.5874,72.49,19.9
EXP-AI-001,2026-09-19T134719,cabbage_best,cuda,67,10.6049,72.49,19.9
EXP-AI-001,2026-09-19T134719,cabbage_best,cuda,68,10.9786,72.49,19.9
EXP-AI-001,2026-09-19T134719,cabbage_best,cuda,69,10.434,72.49,19.9
EXP-AI-001,2026-09-19T134719,cabbage_best,cuda,70,10.3487,72.49,19.9
EXP-AI-001,2026-09-19T134719,cabbage_best,cuda,71,10.4877,72.49,19.9
EXP-AI-001,2026-09-19T134719,cabbage_best,cuda,72,10.3802,72.49,19.9
EXP-AI-001,2026-09-19T134719,cabbage_best,cuda,73,10.4713,72.49,19.9
EXP-AI-001,2026-09-19T134719,cabbage_best,cuda,74,10.5666,72.49,19.9
EXP-AI-001,2026-09-19T134719,cabbage_best,cuda,75,10.5099,72.49,19.9
EXP-AI-001,2026-09-19T134719,cabbage_best,cuda,76,10.5706,72.49,19.9
EXP-AI-001,2026-09-19T134719,cabbage_best,cuda,77,10.4461,72.49,19.9
EXP-AI-001,2026-09-19T134719,cabbage_best,cuda,78,10.364,72.49,19.9
EXP-AI-001,2026-09-19T134719,cabbage_best,cuda,79,10.3554,72.49,19.9
EXP-AI-001,2026-09-19T134719,cabbage_best,cuda,80,10.4658,72.49,19.9
EXP-AI-001,2026-09-19T134719,cabbage_best,cuda,81,10.5227,72.49,19.9
EXP-AI-001,2026-09-19T134719,cabbage_best,cuda,82,10.4862,72.49,19.9
EXP-AI-001,2026-09-19T134719,cabbage_best,cuda,83,10.2415,72.49,19.9
EXP-AI-001,2026-09-19T134719,cabbage_best,cuda,84,10.3982,72.49,19.9
EXP-AI-001,2026-09-19T134719,cabbage_best,cuda,85,10.6228,72.49,19.9
EXP-AI-001,2026-09-19T134719,cabbage_best,cuda,86,10.5921,72.49,19.9
EXP-AI-001,2026-09-19T134719,cabbage_best,cuda,87,10.4774,72.49,19.9
EXP-AI-001,2026-09-19T134719,cabbage_best,cuda,88,10.5351,72.49,19.9
EXP-AI-001,2026-09-19T134719,cabbage_best,cuda,89,10.4738,72.49,19.9
EXP-AI-001,2026-09-19T134719,cabbage_best,cuda,90,10.4998,72.49,19.9
EXP-AI-001,2026-09-19T134719,cabbage_best,cuda,91,10.4346,72.49,19.9
EXP-AI-001,2026-09-19T134719,cabbage_best,cuda,92,10.3965,72.49,19.9
EXP-AI-001,2026-09-19T134719,cabbage_best,cuda,93,10.4409,72.49,19.9
EXP-AI-001,2026-09-19T134719,cabbage_best,cuda,94,10.3108,72.49,19.9
EXP-AI-001,2026-09-19T134719,cabbage_best,cuda,95,10.6697,72.49,19.9
EXP-AI-001,2026-09-19T134719,cabbage_best,cuda,96,10.368,72.49,19.9
EXP-AI-001,2026-09-19T134719,cabbage_best,cuda,97,10.4654,72.49,19.9
EXP-AI-001,2026-09-19T134719,cabbage_best,cuda,98,10.3932,72.49,19.9
EXP-AI-001,2026-09-19T134719,cabbage_best,cuda,99,10.3265,72.49,19.9
EXP-AI-001,2026-09-19T134719,cabbage_best,cuda,100,10.3894,72.49,19.9
EXP-AI-001,2026-09-19T134719,capsium,cuda,1,11.7302,72.47,19.9
EXP-AI-001,2026-09-19T134719,capsium,cuda,2,10.9867,72.47,19.9
EXP-AI-001,2026-09-19T134719,capsium,cuda,3,10.8792,72.47,19.9
EXP-AI-001,2026-09-19T134719,capsium,cuda,4,10.5346,72.47,19.9
EXP-AI-001,2026-09-19T134719,capsium,cuda,5,10.5146,72.47,19.9
EXP-AI-001,2026-09-19T134719,capsium,cuda,6,10.43,72.47,19.9
EXP-AI-001,2026-09-19T134719,capsium,cuda,7,10.402,72.47,19.9
EXP-AI-001,2026-09-19T134719,capsium,cuda,8,10.4803,72.47,19.9
EXP-AI-001,2026-09-19T134719,capsium,cuda,9,10.9873,72.47,19.9
EXP-AI-001,2026-09-19T134719,capsium,cuda,10,10.3761,72.47,19.9
EXP-AI-001,2026-09-19T134719,capsium,cuda,11,10.9433,72.47,19.9
EXP-AI-001,2026-09-19T134719,capsium,cuda,12,10.5126,72.47,19.9
EXP-AI-001,2026-09-19T134719,capsium,cuda,13,10.3809,72.47,19.9
EXP-AI-001,2026-09-19T134719,capsium,cuda,14,10.5161,72.47,19.9
EXP-AI-001,2026-09-19T134719,capsium,cuda,15,10.4354,72.47,19.9
EXP-AI-001,2026-09-19T134719,capsium,cuda,16,10.4423,72.47,19.9
EXP-AI-001,2026-09-19T134719,capsium,cuda,17,10.3818,72.47,19.9
EXP-AI-001,2026-09-19T134719,capsium,cuda,18,10.5842,72.47,19.9
EXP-AI-001,2026-09-19T134719,capsium,cuda,19,10.4052,72.47,19.9
EXP-AI-001,2026-09-19T134719,capsium,cuda,20,10.4142,72.47,19.9
EXP-AI-001,2026-09-19T134719,capsium,cuda,21,10.1993,72.47,19.9
EXP-AI-001,2026-09-19T134719,capsium,cuda,22,10.2159,72.47,19.9
EXP-AI-001,2026-09-19T134719,capsium,cuda,23,10.4711,72.47,19.9
EXP-AI-001,2026-09-19T134719,capsium,cuda,24,10.3133,72.47,19.9
EXP-AI-001,2026-09-19T134719,capsium,cuda,25,10.3996,72.47,19.9
EXP-AI-001,2026-09-19T134719,capsium,cuda,26,10.2268,72.47,19.9
EXP-AI-001,2026-09-19T134719,capsium,cuda,27,10.314,72.47,19.9
EXP-AI-001,2026-09-19T134719,capsium,cuda,28,10.3207,72.47,19.9
EXP-AI-001,2026-09-19T134719,capsium,cuda,29,10.527,72.47,19.9
EXP-AI-001,2026-09-19T134719,capsium,cuda,30,10.3697,72.47,19.9
EXP-AI-001,2026-09-19T134719,capsium,cuda,31,10.3409,72.47,19.9
EXP-AI-001,2026-09-19T134719,capsium,cuda,32,10.4379,72.47,19.9
EXP-AI-001,2026-09-19T134719,capsium,cuda,33,10.4901,72.47,19.9
EXP-AI-001,2026-09-19T134719,capsium,cuda,34,10.4606,72.47,19.9
EXP-AI-001,2026-09-19T134719,capsium,cuda,35,10.695,72.47,19.9
EXP-AI-001,2026-09-19T134719,capsium,cuda,36,10.4955,72.47,19.9
EXP-AI-001,2026-09-19T134719,capsium,cuda,37,10.2691,72.47,19.9
EXP-AI-001,2026-09-19T134719,capsium,cuda,38,10.5436,72.47,19.9
EXP-AI-001,2026-09-19T134719,capsium,cuda,39,10.5672,72.47,19.9
EXP-AI-001,2026-09-19T134719,capsium,cuda,40,10.2853,72.47,19.9
EXP-AI-001,2026-09-19T134719,capsium,cuda,41,10.4357,72.47,19.9
EXP-AI-001,2026-09-19T134719,capsium,cuda,42,10.7029,72.47,19.9
EXP-AI-001,2026-09-19T134719,capsium,cuda,43,10.6004,72.47,19.9
EXP-AI-001,2026-09-19T134719,capsium,cuda,44,10.4065,72.47,19.9
EXP-AI-001,2026-09-19T134719,capsium,cuda,45,10.4861,72.47,19.9
EXP-AI-001,2026-09-19T134719,capsium,cuda,46,10.4507,72.47,19.9
EXP-AI-001,2026-09-19T134719,capsium,cuda,47,10.3709,72.47,19.9
EXP-AI-001,2026-09-19T134719,capsium,cuda,48,10.4701,72.47,19.9
EXP-AI-001,2026-09-19T134719,capsium,cuda,49,10.4063,72.47,19.9
EXP-AI-001,2026-09-19T134719,capsium,cuda,50,10.4066,72.47,19.9
EXP-AI-001,2026-09-19T134719,capsium,cuda,51,10.415,72.47,19.9
EXP-AI-001,2026-09-19T134719,capsium,cuda,52,10.6146,72.47,19.9
EXP-AI-001,2026-09-19T134719,capsium,cuda,53,10.4494,72.47,19.9
EXP-AI-001,2026-09-19T134719,capsium,cuda,54,10.3643,72.47,19.9
EXP-AI-001,2026-09-19T134719,capsium,cuda,55,10.3209,72.47,19.9
EXP-AI-001,2026-09-19T134719,capsium,cuda,56,10.4612,72.47,19.9
EXP-AI-001,2026-09-19T134719,capsium,cuda,57,10.3071,72.47,19.9
EXP-AI-001,2026-09-19T134719,capsium,cuda,58,10.4225,72.47,19.9
EXP-AI-001,2026-09-19T134719,capsium,cuda,59,10.3997,72.47,19.9
EXP-AI-001,2026-09-19T134719,capsium,cuda,60,10.2002,72.47,19.9
EXP-AI-001,2026-09-19T134719,capsium,cuda,61,10.2954,72.47,19.9
EXP-AI-001,2026-09-19T134719,capsium,cuda,62,10.6626,72.47,19.9
EXP-AI-001,2026-09-19T134719,capsium,cuda,63,10.454,72.47,19.9
EXP-AI-001,2026-09-19T134719,capsium,cuda,64,10.4437,72.47,19.9
EXP-AI-001,2026-09-19T134719,capsium,cuda,65,10.4598,72.47,19.9
EXP-AI-001,2026-09-19T134719,capsium,cuda,66,10.3123,72.47,19.9
EXP-AI-001,2026-09-19T134719,capsium,cuda,67,10.3171,72.47,19.9
EXP-AI-001,2026-09-19T134719,capsium,cuda,68,10.599,72.47,19.9
EXP-AI-001,2026-09-19T134719,capsium,cuda,69,10.5578,72.47,19.9
EXP-AI-001,2026-09-19T134719,capsium,cuda,70,10.3012,72.47,19.9
EXP-AI-001,2026-09-19T134719,capsium,cuda,71,10.7465,72.47,19.9
EXP-AI-001,2026-09-19T134719,capsium,cuda,72,10.3902,72.47,19.9
EXP-AI-001,2026-09-19T134719,capsium,cuda,73,10.2607,72.47,19.9
EXP-AI-001,2026-09-19T134719,capsium,cuda,74,10.2513,72.47,19.9
EXP-AI-001,2026-09-19T134719,capsium,cuda,75,10.5052,72.47,19.9
EXP-AI-001,2026-09-19T134719,capsium,cuda,76,10.5433,72.47,19.9
EXP-AI-001,2026-09-19T134719,capsium,cuda,77,10.6692,72.47,19.9
EXP-AI-001,2026-09-19T134719,capsium,cuda,78,10.5122,72.47,19.9
EXP-AI-001,2026-09-19T134719,capsium,cuda,79,10.4536,72.47,19.9
EXP-AI-001,2026-09-19T134719,capsium,cuda,80,10.6206,72.47,19.9
EXP-AI-001,2026-09-19T134719,capsium,cuda,81,10.7377,72.47,19.9
EXP-AI-001,2026-09-19T134719,capsium,cuda,82,10.3392,72.47,19.9
EXP-AI-001,2026-09-19T134719,capsium,cuda,83,10.4764,72.47,19.9
EXP-AI-001,2026-09-19T134719,capsium,cuda,84,10.3828,72.47,19.9
EXP-AI-001,2026-09-19T134719,capsium,cuda,85,10.6019,72.47,19.9
EXP-AI-001,2026-09-19T134719,capsium,cuda,86,10.2764,72.47,19.9
EXP-AI-001,2026-09-19T134719,capsium,cuda,87,10.3563,72.47,19.9
EXP-AI-001,2026-09-19T134719,capsium,cuda,88,10.253,72.47,19.9
EXP-AI-001,2026-09-19T134719,capsium,cuda,89,10.7291,72.47,19.9
EXP-AI-001,2026-09-19T134719,capsium,cuda,90,10.4748,72.47,19.9
EXP-AI-001,2026-09-19T134719,capsium,cuda,91,10.6023,72.47,19.9
EXP-AI-001,2026-09-19T134719,capsium,cuda,92,10.3928,72.47,19.9
EXP-AI-001,2026-09-19T134719,capsium,cuda,93,10.333,72.47,19.9
EXP-AI-001,2026-09-19T134719,capsium,cuda,94,10.6606,72.47,19.9
EXP-AI-001,2026-09-19T134719,capsium,cuda,95,10.6931,72.47,19.9
EXP-AI-001,2026-09-19T134719,capsium,cuda,96,11.1566,72.47,19.9
EXP-AI-001,2026-09-19T134719,capsium,cuda,97,10.4672,72.47,19.9
EXP-AI-001,2026-09-19T134719,capsium,cuda,98,10.4346,72.47,19.9
EXP-AI-001,2026-09-19T134719,capsium,cuda,99,10.6622,72.47,19.9
EXP-AI-001,2026-09-19T134719,capsium,cuda,100,10.435,72.47,19.9
EXP-AI-001,2026-09-19T134719,carrot_best,cuda,1,10.7286,72.47,19.9
EXP-AI-001,2026-09-19T134719,carrot_best,cuda,2,10.5488,72.47,19.9
EXP-AI-001,2026-09-19T134719,carrot_best,cuda,3,10.4829,72.47,19.9
EXP-AI-001,2026-09-19T134719,carrot_best,cuda,4,10.2999,72.47,19.9
EXP-AI-001,2026-09-19T134719,carrot_best,cuda,5,10.3345,72.47,19.9
EXP-AI-001,2026-09-19T134719,carrot_best,cuda,6,10.3791,72.47,19.9
EXP-AI-001,2026-09-19T134719,carrot_best,cuda,7,10.3205,72.47,19.9
EXP-AI-001,2026-09-19T134719,carrot_best,cuda,8,10.7965,72.47,19.9
EXP-AI-001,2026-09-19T134719,carrot_best,cuda,9,10.5678,72.47,19.9
EXP-AI-001,2026-09-19T134719,carrot_best,cuda,10,10.4973,72.47,19.9
EXP-AI-001,2026-09-19T134719,carrot_best,cuda,11,10.4799,72.47,19.9
EXP-AI-001,2026-09-19T134719,carrot_best,cuda,12,10.5356,72.47,19.9
EXP-AI-001,2026-09-19T134719,carrot_best,cuda,13,10.4723,72.47,19.9
EXP-AI-001,2026-09-19T134719,carrot_best,cuda,14,10.3975,72.47,19.9
EXP-AI-001,2026-09-19T134719,carrot_best,cuda,15,10.2885,72.47,19.9
EXP-AI-001,2026-09-19T134719,carrot_best,cuda,16,16.3356,72.47,19.9
EXP-AI-001,2026-09-19T134719,carrot_best,cuda,17,21.7877,72.47,19.9
EXP-AI-001,2026-09-19T134719,carrot_best,cuda,18,15.8554,72.47,19.9
EXP-AI-001,2026-09-19T134719,carrot_best,cuda,19,10.7779,72.47,19.9
EXP-AI-001,2026-09-19T134719,carrot_best,cuda,20,10.4439,72.47,19.9
EXP-AI-001,2026-09-19T134719,carrot_best,cuda,21,10.6996,72.47,19.9
EXP-AI-001,2026-09-19T134719,carrot_best,cuda,22,10.8995,72.47,19.9
EXP-AI-001,2026-09-19T134719,carrot_best,cuda,23,10.5235,72.47,19.9
EXP-AI-001,2026-09-19T134719,carrot_best,cuda,24,10.4357,72.47,19.9
EXP-AI-001,2026-09-19T134719,carrot_best,cuda,25,10.5234,72.47,19.9
EXP-AI-001,2026-09-19T134719,carrot_best,cuda,26,10.4265,72.47,19.9
EXP-AI-001,2026-09-19T134719,carrot_best,cuda,27,10.9746,72.47,19.9
EXP-AI-001,2026-09-19T134719,carrot_best,cuda,28,10.5537,72.47,19.9
EXP-AI-001,2026-09-19T134719,carrot_best,cuda,29,10.4506,72.47,19.9
EXP-AI-001,2026-09-19T134719,carrot_best,cuda,30,10.4567,72.47,19.9
EXP-AI-001,2026-09-19T134719,carrot_best,cuda,31,10.4352,72.47,19.9
EXP-AI-001,2026-09-19T134719,carrot_best,cuda,32,10.4288,72.47,19.9
EXP-AI-001,2026-09-19T134719,carrot_best,cuda,33,10.405,72.47,19.9
EXP-AI-001,2026-09-19T134719,carrot_best,cuda,34,10.4481,72.47,19.9
EXP-AI-001,2026-09-19T134719,carrot_best,cuda,35,10.3633,72.47,19.9
EXP-AI-001,2026-09-19T134719,carrot_best,cuda,36,10.592,72.47,19.9
EXP-AI-001,2026-09-19T134719,carrot_best,cuda,37,11.2614,72.47,19.9
EXP-AI-001,2026-09-19T134719,carrot_best,cuda,38,11.0123,72.47,19.9
EXP-AI-001,2026-09-19T134719,carrot_best,cuda,39,10.5271,72.47,19.9
EXP-AI-001,2026-09-19T134719,carrot_best,cuda,40,10.5229,72.47,19.9
EXP-AI-001,2026-09-19T134719,carrot_best,cuda,41,10.4383,72.47,19.9
EXP-AI-001,2026-09-19T134719,carrot_best,cuda,42,10.3877,72.47,19.9
EXP-AI-001,2026-09-19T134719,carrot_best,cuda,43,10.4411,72.47,19.9
EXP-AI-001,2026-09-19T134719,carrot_best,cuda,44,11.079,72.47,19.9
EXP-AI-001,2026-09-19T134719,carrot_best,cuda,45,10.5029,72.47,19.9
EXP-AI-001,2026-09-19T134719,carrot_best,cuda,46,10.467,72.47,19.9
EXP-AI-001,2026-09-19T134719,carrot_best,cuda,47,10.4643,72.47,19.9
EXP-AI-001,2026-09-19T134719,carrot_best,cuda,48,10.6074,72.47,19.9
EXP-AI-001,2026-09-19T134719,carrot_best,cuda,49,10.556,72.47,19.9
EXP-AI-001,2026-09-19T134719,carrot_best,cuda,50,10.4627,72.47,19.9
EXP-AI-001,2026-09-19T134719,carrot_best,cuda,51,10.3783,72.47,19.9
EXP-AI-001,2026-09-19T134719,carrot_best,cuda,52,11.091,72.47,19.9
EXP-AI-001,2026-09-19T134719,carrot_best,cuda,53,10.5704,72.47,19.9
EXP-AI-001,2026-09-19T134719,carrot_best,cuda,54,10.7351,72.47,19.9
EXP-AI-001,2026-09-19T134719,carrot_best,cuda,55,10.9603,72.47,19.9
EXP-AI-001,2026-09-19T134719,carrot_best,cuda,56,10.4963,72.47,19.9
EXP-AI-001,2026-09-19T134719,carrot_best,cuda,57,10.3154,72.47,19.9
EXP-AI-001,2026-09-19T134719,carrot_best,cuda,58,10.4364,72.47,19.9
EXP-AI-001,2026-09-19T134719,carrot_best,cuda,59,10.742,72.47,19.9
EXP-AI-001,2026-09-19T134719,carrot_best,cuda,60,10.7605,72.47,19.9
EXP-AI-001,2026-09-19T134719,carrot_best,cuda,61,10.4639,72.47,19.9
EXP-AI-001,2026-09-19T134719,carrot_best,cuda,62,10.5462,72.47,19.9
EXP-AI-001,2026-09-19T134719,carrot_best,cuda,63,10.4247,72.47,19.9
EXP-AI-001,2026-09-19T134719,carrot_best,cuda,64,10.5928,72.47,19.9
EXP-AI-001,2026-09-19T134719,carrot_best,cuda,65,10.9563,72.47,19.9
EXP-AI-001,2026-09-19T134719,carrot_best,cuda,66,10.5987,72.47,19.9
EXP-AI-001,2026-09-19T134719,carrot_best,cuda,67,10.3317,72.47,19.9
EXP-AI-001,2026-09-19T134719,carrot_best,cuda,68,10.4823,72.47,19.9
EXP-AI-001,2026-09-19T134719,carrot_best,cuda,69,10.449,72.47,19.9
EXP-AI-001,2026-09-19T134719,carrot_best,cuda,70,10.3844,72.47,19.9
EXP-AI-001,2026-09-19T134719,carrot_best,cuda,71,10.4897,72.47,19.9
EXP-AI-001,2026-09-19T134719,carrot_best,cuda,72,10.3793,72.47,19.9
EXP-AI-001,2026-09-19T134719,carrot_best,cuda,73,10.3466,72.47,19.9
EXP-AI-001,2026-09-19T134719,carrot_best,cuda,74,10.6533,72.47,19.9
EXP-AI-001,2026-09-19T134719,carrot_best,cuda,75,10.4112,72.47,19.9
EXP-AI-001,2026-09-19T134719,carrot_best,cuda,76,10.3131,72.47,19.9
EXP-AI-001,2026-09-19T134719,carrot_best,cuda,77,10.4235,72.47,19.9
EXP-AI-001,2026-09-19T134719,carrot_best,cuda,78,10.5966,72.47,19.9
EXP-AI-001,2026-09-19T134719,carrot_best,cuda,79,10.4001,72.47,19.9
EXP-AI-001,2026-09-19T134719,carrot_best,cuda,80,10.3448,72.47,19.9
EXP-AI-001,2026-09-19T134719,carrot_best,cuda,81,10.5176,72.47,19.9
EXP-AI-001,2026-09-19T134719,carrot_best,cuda,82,10.481,72.47,19.9
EXP-AI-001,2026-09-19T134719,carrot_best,cuda,83,10.3248,72.47,19.9
EXP-AI-001,2026-09-19T134719,carrot_best,cuda,84,10.7296,72.47,19.9
EXP-AI-001,2026-09-19T134719,carrot_best,cuda,85,10.5351,72.47,19.9
EXP-AI-001,2026-09-19T134719,carrot_best,cuda,86,10.39,72.47,19.9
EXP-AI-001,2026-09-19T134719,carrot_best,cuda,87,10.3144,72.47,19.9
EXP-AI-001,2026-09-19T134719,carrot_best,cuda,88,10.4185,72.47,19.9
EXP-AI-001,2026-09-19T134719,carrot_best,cuda,89,10.3946,72.47,19.9
EXP-AI-001,2026-09-19T134719,carrot_best,cuda,90,10.4945,72.47,19.9
EXP-AI-001,2026-09-19T134719,carrot_best,cuda,91,10.4462,72.47,19.9
EXP-AI-001,2026-09-19T134719,carrot_best,cuda,92,10.3091,72.47,19.9
EXP-AI-001,2026-09-19T134719,carrot_best,cuda,93,10.644,72.47,19.9
EXP-AI-001,2026-09-19T134719,carrot_best,cuda,94,10.7162,72.47,19.9
EXP-AI-001,2026-09-19T134719,carrot_best,cuda,95,10.5538,72.47,19.9
EXP-AI-001,2026-09-19T134719,carrot_best,cuda,96,10.4724,72.47,19.9
EXP-AI-001,2026-09-19T134719,carrot_best,cuda,97,10.3974,72.47,19.9
EXP-AI-001,2026-09-19T134719,carrot_best,cuda,98,10.3287,72.47,19.9
EXP-AI-001,2026-09-19T134719,carrot_best,cuda,99,10.4266,72.47,19.9
EXP-AI-001,2026-09-19T134719,carrot_best,cuda,100,10.2797,72.47,19.9
EXP-AI-001,2026-09-19T134719,cauliflower_best,cuda,1,10.4815,72.48,19.9
EXP-AI-001,2026-09-19T134719,cauliflower_best,cuda,2,10.3722,72.48,19.9
EXP-AI-001,2026-09-19T134719,cauliflower_best,cuda,3,10.8075,72.48,19.9
EXP-AI-001,2026-09-19T134719,cauliflower_best,cuda,4,10.4099,72.48,19.9
EXP-AI-001,2026-09-19T134719,cauliflower_best,cuda,5,10.4035,72.48,19.9
EXP-AI-001,2026-09-19T134719,cauliflower_best,cuda,6,10.3821,72.48,19.9
EXP-AI-001,2026-09-19T134719,cauliflower_best,cuda,7,10.5154,72.48,19.9
EXP-AI-001,2026-09-19T134719,cauliflower_best,cuda,8,10.5985,72.48,19.9
EXP-AI-001,2026-09-19T134719,cauliflower_best,cuda,9,10.45,72.48,19.9
EXP-AI-001,2026-09-19T134719,cauliflower_best,cuda,10,10.7635,72.48,19.9
EXP-AI-001,2026-09-19T134719,cauliflower_best,cuda,11,10.5774,72.48,19.9
EXP-AI-001,2026-09-19T134719,cauliflower_best,cuda,12,10.6807,72.48,19.9
EXP-AI-001,2026-09-19T134719,cauliflower_best,cuda,13,10.6981,72.48,19.9
EXP-AI-001,2026-09-19T134719,cauliflower_best,cuda,14,10.5869,72.48,19.9
EXP-AI-001,2026-09-19T134719,cauliflower_best,cuda,15,10.862,72.48,19.9
EXP-AI-001,2026-09-19T134719,cauliflower_best,cuda,16,10.5671,72.48,19.9
EXP-AI-001,2026-09-19T134719,cauliflower_best,cuda,17,10.5039,72.48,19.9
EXP-AI-001,2026-09-19T134719,cauliflower_best,cuda,18,10.6322,72.48,19.9
EXP-AI-001,2026-09-19T134719,cauliflower_best,cuda,19,10.5852,72.48,19.9
EXP-AI-001,2026-09-19T134719,cauliflower_best,cuda,20,10.5897,72.48,19.9
EXP-AI-001,2026-09-19T134719,cauliflower_best,cuda,21,10.3603,72.48,19.9
EXP-AI-001,2026-09-19T134719,cauliflower_best,cuda,22,10.8247,72.48,19.9
EXP-AI-001,2026-09-19T134719,cauliflower_best,cuda,23,10.4955,72.48,19.9
EXP-AI-001,2026-09-19T134719,cauliflower_best,cuda,24,10.464,72.48,19.9
EXP-AI-001,2026-09-19T134719,cauliflower_best,cuda,25,10.5638,72.48,19.9
EXP-AI-001,2026-09-19T134719,cauliflower_best,cuda,26,10.6258,72.48,19.9
EXP-AI-001,2026-09-19T134719,cauliflower_best,cuda,27,10.683,72.48,19.9
EXP-AI-001,2026-09-19T134719,cauliflower_best,cuda,28,11.0038,72.48,19.9
EXP-AI-001,2026-09-19T134719,cauliflower_best,cuda,29,10.5916,72.48,19.9
EXP-AI-001,2026-09-19T134719,cauliflower_best,cuda,30,10.5848,72.48,19.9
EXP-AI-001,2026-09-19T134719,cauliflower_best,cuda,31,10.7266,72.48,19.9
EXP-AI-001,2026-09-19T134719,cauliflower_best,cuda,32,10.4806,72.48,19.9
EXP-AI-001,2026-09-19T134719,cauliflower_best,cuda,33,10.6551,72.48,19.9
EXP-AI-001,2026-09-19T134719,cauliflower_best,cuda,34,10.3659,72.48,19.9
EXP-AI-001,2026-09-19T134719,cauliflower_best,cuda,35,10.269,72.48,19.9
EXP-AI-001,2026-09-19T134719,cauliflower_best,cuda,36,10.5239,72.48,19.9
EXP-AI-001,2026-09-19T134719,cauliflower_best,cuda,37,10.4337,72.48,19.9
EXP-AI-001,2026-09-19T134719,cauliflower_best,cuda,38,10.3978,72.48,19.9
EXP-AI-001,2026-09-19T134719,cauliflower_best,cuda,39,10.3939,72.48,19.9
EXP-AI-001,2026-09-19T134719,cauliflower_best,cuda,40,10.529,72.48,19.9
EXP-AI-001,2026-09-19T134719,cauliflower_best,cuda,41,10.6511,72.48,19.9
EXP-AI-001,2026-09-19T134719,cauliflower_best,cuda,42,10.5384,72.48,19.9
EXP-AI-001,2026-09-19T134719,cauliflower_best,cuda,43,10.5386,72.48,19.9
EXP-AI-001,2026-09-19T134719,cauliflower_best,cuda,44,10.3329,72.48,19.9
EXP-AI-001,2026-09-19T134719,cauliflower_best,cuda,45,10.5807,72.48,19.9
EXP-AI-001,2026-09-19T134719,cauliflower_best,cuda,46,10.4115,72.48,19.9
EXP-AI-001,2026-09-19T134719,cauliflower_best,cuda,47,10.4671,72.48,19.9
EXP-AI-001,2026-09-19T134719,cauliflower_best,cuda,48,10.3708,72.48,19.9
EXP-AI-001,2026-09-19T134719,cauliflower_best,cuda,49,10.5268,72.48,19.9
EXP-AI-001,2026-09-19T134719,cauliflower_best,cuda,50,10.6234,72.48,19.9
EXP-AI-001,2026-09-19T134719,cauliflower_best,cuda,51,10.4128,72.48,19.9
EXP-AI-001,2026-09-19T134719,cauliflower_best,cuda,52,10.5794,72.48,19.9
EXP-AI-001,2026-09-19T134719,cauliflower_best,cuda,53,10.5923,72.48,19.9
EXP-AI-001,2026-09-19T134719,cauliflower_best,cuda,54,10.3809,72.48,19.9
EXP-AI-001,2026-09-19T134719,cauliflower_best,cuda,55,10.3711,72.48,19.9
EXP-AI-001,2026-09-19T134719,cauliflower_best,cuda,56,10.4194,72.48,19.9
EXP-AI-001,2026-09-19T134719,cauliflower_best,cuda,57,10.446,72.48,19.9
EXP-AI-001,2026-09-19T134719,cauliflower_best,cuda,58,10.3305,72.48,19.9
EXP-AI-001,2026-09-19T134719,cauliflower_best,cuda,59,10.3264,72.48,19.9
EXP-AI-001,2026-09-19T134719,cauliflower_best,cuda,60,10.8545,72.48,19.9
EXP-AI-001,2026-09-19T134719,cauliflower_best,cuda,61,10.3172,72.48,19.9
EXP-AI-001,2026-09-19T134719,cauliflower_best,cuda,62,10.3718,72.48,19.9
EXP-AI-001,2026-09-19T134719,cauliflower_best,cuda,63,10.6191,72.48,19.9
EXP-AI-001,2026-09-19T134719,cauliflower_best,cuda,64,10.2875,72.48,19.9
EXP-AI-001,2026-09-19T134719,cauliflower_best,cuda,65,10.4029,72.48,19.9
EXP-AI-001,2026-09-19T134719,cauliflower_best,cuda,66,10.3588,72.48,19.9
EXP-AI-001,2026-09-19T134719,cauliflower_best,cuda,67,10.5105,72.48,19.9
EXP-AI-001,2026-09-19T134719,cauliflower_best,cuda,68,10.4428,72.48,19.9
EXP-AI-001,2026-09-19T134719,cauliflower_best,cuda,69,10.8452,72.48,19.9
EXP-AI-001,2026-09-19T134719,cauliflower_best,cuda,70,10.6583,72.48,19.9
EXP-AI-001,2026-09-19T134719,cauliflower_best,cuda,71,10.3542,72.48,19.9
EXP-AI-001,2026-09-19T134719,cauliflower_best,cuda,72,10.4731,72.48,19.9
EXP-AI-001,2026-09-19T134719,cauliflower_best,cuda,73,10.4781,72.48,19.9
EXP-AI-001,2026-09-19T134719,cauliflower_best,cuda,74,10.335,72.48,19.9
EXP-AI-001,2026-09-19T134719,cauliflower_best,cuda,75,10.4732,72.48,19.9
EXP-AI-001,2026-09-19T134719,cauliflower_best,cuda,76,10.4098,72.48,19.9
EXP-AI-001,2026-09-19T134719,cauliflower_best,cuda,77,10.3744,72.48,19.9
EXP-AI-001,2026-09-19T134719,cauliflower_best,cuda,78,10.4198,72.48,19.9
EXP-AI-001,2026-09-19T134719,cauliflower_best,cuda,79,10.6267,72.48,19.9
EXP-AI-001,2026-09-19T134719,cauliflower_best,cuda,80,10.5644,72.48,19.9
EXP-AI-001,2026-09-19T134719,cauliflower_best,cuda,81,10.3419,72.48,19.9
EXP-AI-001,2026-09-19T134719,cauliflower_best,cuda,82,10.5782,72.48,19.9
EXP-AI-001,2026-09-19T134719,cauliflower_best,cuda,83,10.3223,72.48,19.9
EXP-AI-001,2026-09-19T134719,cauliflower_best,cuda,84,10.3403,72.48,19.9
EXP-AI-001,2026-09-19T134719,cauliflower_best,cuda,85,10.4858,72.48,19.9
EXP-AI-001,2026-09-19T134719,cauliflower_best,cuda,86,10.3713,72.48,19.9
EXP-AI-001,2026-09-19T134719,cauliflower_best,cuda,87,10.4977,72.48,19.9
EXP-AI-001,2026-09-19T134719,cauliflower_best,cuda,88,10.591,72.48,19.9
EXP-AI-001,2026-09-19T134719,cauliflower_best,cuda,89,10.7359,72.48,19.9
EXP-AI-001,2026-09-19T134719,cauliflower_best,cuda,90,10.3194,72.48,19.9
EXP-AI-001,2026-09-19T134719,cauliflower_best,cuda,91,10.3556,72.48,19.9
EXP-AI-001,2026-09-19T134719,cauliflower_best,cuda,92,10.4942,72.48,19.9
EXP-AI-001,2026-09-19T134719,cauliflower_best,cuda,93,10.601,72.48,19.9
EXP-AI-001,2026-09-19T134719,cauliflower_best,cuda,94,10.3417,72.48,19.9
EXP-AI-001,2026-09-19T134719,cauliflower_best,cuda,95,10.3942,72.48,19.9
EXP-AI-001,2026-09-19T134719,cauliflower_best,cuda,96,10.3447,72.48,19.9
EXP-AI-001,2026-09-19T134719,cauliflower_best,cuda,97,10.3971,72.48,19.9
EXP-AI-001,2026-09-19T134719,cauliflower_best,cuda,98,10.4983,72.48,19.9
EXP-AI-001,2026-09-19T134719,cauliflower_best,cuda,99,10.4975,72.48,19.9
EXP-AI-001,2026-09-19T134719,cauliflower_best,cuda,100,10.5879,72.48,19.9
EXP-AI-001,2026-09-19T134719,chilli,cuda,1,10.3892,72.49,19.9
EXP-AI-001,2026-09-19T134719,chilli,cuda,2,10.5168,72.49,19.9
EXP-AI-001,2026-09-19T134719,chilli,cuda,3,10.3138,72.49,19.9
EXP-AI-001,2026-09-19T134719,chilli,cuda,4,10.4969,72.49,19.9
EXP-AI-001,2026-09-19T134719,chilli,cuda,5,10.4864,72.49,19.9
EXP-AI-001,2026-09-19T134719,chilli,cuda,6,10.5991,72.49,19.9
EXP-AI-001,2026-09-19T134719,chilli,cuda,7,10.3457,72.49,19.9
EXP-AI-001,2026-09-19T134719,chilli,cuda,8,10.3915,72.49,19.9
EXP-AI-001,2026-09-19T134719,chilli,cuda,9,10.3279,72.49,19.9
EXP-AI-001,2026-09-19T134719,chilli,cuda,10,10.3167,72.49,19.9
EXP-AI-001,2026-09-19T134719,chilli,cuda,11,10.394,72.49,19.9
EXP-AI-001,2026-09-19T134719,chilli,cuda,12,10.3989,72.49,19.9
EXP-AI-001,2026-09-19T134719,chilli,cuda,13,10.271,72.49,19.9
EXP-AI-001,2026-09-19T134719,chilli,cuda,14,10.3618,72.49,19.9
EXP-AI-001,2026-09-19T134719,chilli,cuda,15,10.375,72.49,19.9
EXP-AI-001,2026-09-19T134719,chilli,cuda,16,10.3715,72.49,19.9
EXP-AI-001,2026-09-19T134719,chilli,cuda,17,10.2855,72.49,19.9
EXP-AI-001,2026-09-19T134719,chilli,cuda,18,10.2917,72.49,19.9
EXP-AI-001,2026-09-19T134719,chilli,cuda,19,10.4558,72.49,19.9
EXP-AI-001,2026-09-19T134719,chilli,cuda,20,10.4683,72.49,19.9
EXP-AI-001,2026-09-19T134719,chilli,cuda,21,10.346,72.49,19.9
EXP-AI-001,2026-09-19T134719,chilli,cuda,22,10.383,72.49,19.9
EXP-AI-001,2026-09-19T134719,chilli,cuda,23,10.4097,72.49,19.9
EXP-AI-001,2026-09-19T134719,chilli,cuda,24,10.3437,72.49,19.9
EXP-AI-001,2026-09-19T134719,chilli,cuda,25,10.3466,72.49,19.9
EXP-AI-001,2026-09-19T134719,chilli,cuda,26,10.4766,72.49,19.9
EXP-AI-001,2026-09-19T134719,chilli,cuda,27,10.3403,72.49,19.9
EXP-AI-001,2026-09-19T134719,chilli,cuda,28,10.6481,72.49,19.9
EXP-AI-001,2026-09-19T134719,chilli,cuda,29,10.5992,72.49,19.9
EXP-AI-001,2026-09-19T134719,chilli,cuda,30,10.2715,72.49,19.9
EXP-AI-001,2026-09-19T134719,chilli,cuda,31,10.4642,72.49,19.9
EXP-AI-001,2026-09-19T134719,chilli,cuda,32,10.4311,72.49,19.9
EXP-AI-001,2026-09-19T134719,chilli,cuda,33,10.4069,72.49,19.9
EXP-AI-001,2026-09-19T134719,chilli,cuda,34,10.3267,72.49,19.9
EXP-AI-001,2026-09-19T134719,chilli,cuda,35,10.4971,72.49,19.9
EXP-AI-001,2026-09-19T134719,chilli,cuda,36,10.4598,72.49,19.9
EXP-AI-001,2026-09-19T134719,chilli,cuda,37,10.6008,72.49,19.9
EXP-AI-001,2026-09-19T134719,chilli,cuda,38,10.4911,72.49,19.9
EXP-AI-001,2026-09-19T134719,chilli,cuda,39,10.4529,72.49,19.9
EXP-AI-001,2026-09-19T134719,chilli,cuda,40,10.6352,72.49,19.9
EXP-AI-001,2026-09-19T134719,chilli,cuda,41,10.5092,72.49,19.9
EXP-AI-001,2026-09-19T134719,chilli,cuda,42,10.3387,72.49,19.9
EXP-AI-001,2026-09-19T134719,chilli,cuda,43,10.4412,72.49,19.9
EXP-AI-001,2026-09-19T134719,chilli,cuda,44,10.3022,72.49,19.9
EXP-AI-001,2026-09-19T134719,chilli,cuda,45,10.5341,72.49,19.9
EXP-AI-001,2026-09-19T134719,chilli,cuda,46,10.305,72.49,19.9
EXP-AI-001,2026-09-19T134719,chilli,cuda,47,10.7627,72.49,19.9
EXP-AI-001,2026-09-19T134719,chilli,cuda,48,10.5266,72.49,19.9
EXP-AI-001,2026-09-19T134719,chilli,cuda,49,10.4117,72.49,19.9
EXP-AI-001,2026-09-19T134719,chilli,cuda,50,10.3963,72.49,19.9
EXP-AI-001,2026-09-19T134719,chilli,cuda,51,10.3304,72.49,19.9
EXP-AI-001,2026-09-19T134719,chilli,cuda,52,10.4358,72.49,19.9
EXP-AI-001,2026-09-19T134719,chilli,cuda,53,10.3435,72.49,19.9
EXP-AI-001,2026-09-19T134719,chilli,cuda,54,10.4491,72.49,19.9
EXP-AI-001,2026-09-19T134719,chilli,cuda,55,10.2682,72.49,19.9
EXP-AI-001,2026-09-19T134719,chilli,cuda,56,10.6566,72.49,19.9
EXP-AI-001,2026-09-19T134719,chilli,cuda,57,10.4576,72.49,19.9
EXP-AI-001,2026-09-19T134719,chilli,cuda,58,10.3972,72.49,19.9
EXP-AI-001,2026-09-19T134719,chilli,cuda,59,10.395,72.49,19.9
EXP-AI-001,2026-09-19T134719,chilli,cuda,60,10.369,72.49,19.9
EXP-AI-001,2026-09-19T134719,chilli,cuda,61,10.4328,72.49,19.9
EXP-AI-001,2026-09-19T134719,chilli,cuda,62,10.4911,72.49,19.9
EXP-AI-001,2026-09-19T134719,chilli,cuda,63,10.2486,72.49,19.9
EXP-AI-001,2026-09-19T134719,chilli,cuda,64,10.4565,72.49,19.9
EXP-AI-001,2026-09-19T134719,chilli,cuda,65,10.412,72.49,19.9
EXP-AI-001,2026-09-19T134719,chilli,cuda,66,10.5661,72.49,19.9
EXP-AI-001,2026-09-19T134719,chilli,cuda,67,10.456,72.49,19.9
EXP-AI-001,2026-09-19T134719,chilli,cuda,68,10.3575,72.49,19.9
EXP-AI-001,2026-09-19T134719,chilli,cuda,69,10.3388,72.49,19.9
EXP-AI-001,2026-09-19T134719,chilli,cuda,70,10.387,72.49,19.9
EXP-AI-001,2026-09-19T134719,chilli,cuda,71,10.4169,72.49,19.9
EXP-AI-001,2026-09-19T134719,chilli,cuda,72,10.889,72.49,19.9
EXP-AI-001,2026-09-19T134719,chilli,cuda,73,10.5029,72.49,19.9
EXP-AI-001,2026-09-19T134719,chilli,cuda,74,10.3862,72.49,19.9
EXP-AI-001,2026-09-19T134719,chilli,cuda,75,10.549,72.49,19.9
EXP-AI-001,2026-09-19T134719,chilli,cuda,76,10.5417,72.49,19.9
EXP-AI-001,2026-09-19T134719,chilli,cuda,77,10.4944,72.49,19.9
EXP-AI-001,2026-09-19T134719,chilli,cuda,78,10.5398,72.49,19.9
EXP-AI-001,2026-09-19T134719,chilli,cuda,79,10.7089,72.49,19.9
EXP-AI-001,2026-09-19T134719,chilli,cuda,80,10.5556,72.49,19.9
EXP-AI-001,2026-09-19T134719,chilli,cuda,81,10.3985,72.49,19.9
EXP-AI-001,2026-09-19T134719,chilli,cuda,82,10.4832,72.49,19.9
EXP-AI-001,2026-09-19T134719,chilli,cuda,83,10.4531,72.49,19.9
EXP-AI-001,2026-09-19T134719,chilli,cuda,84,10.8414,72.49,19.9
EXP-AI-001,2026-09-19T134719,chilli,cuda,85,10.7293,72.49,19.9
EXP-AI-001,2026-09-19T134719,chilli,cuda,86,10.4311,72.49,19.9
EXP-AI-001,2026-09-19T134719,chilli,cuda,87,10.4934,72.49,19.9
EXP-AI-001,2026-09-19T134719,chilli,cuda,88,10.7758,72.49,19.9
EXP-AI-001,2026-09-19T134719,chilli,cuda,89,10.4047,72.49,19.9
EXP-AI-001,2026-09-19T134719,chilli,cuda,90,10.2796,72.49,19.9
EXP-AI-001,2026-09-19T134719,chilli,cuda,91,10.4416,72.49,19.9
EXP-AI-001,2026-09-19T134719,chilli,cuda,92,10.4967,72.49,19.9
EXP-AI-001,2026-09-19T134719,chilli,cuda,93,10.4974,72.49,19.9
EXP-AI-001,2026-09-19T134719,chilli,cuda,94,10.3594,72.49,19.9
EXP-AI-001,2026-09-19T134719,chilli,cuda,95,10.728,72.49,19.9
EXP-AI-001,2026-09-19T134719,chilli,cuda,96,10.2668,72.49,19.9
EXP-AI-001,2026-09-19T134719,chilli,cuda,97,10.2892,72.49,19.9
EXP-AI-001,2026-09-19T134719,chilli,cuda,98,10.5885,72.49,19.9
EXP-AI-001,2026-09-19T134719,chilli,cuda,99,10.3706,72.49,19.9
EXP-AI-001,2026-09-19T134719,chilli,cuda,100,10.1284,72.49,19.9
EXP-AI-001,2026-09-19T134719,corn,cuda,1,10.3629,72.48,19.9
EXP-AI-001,2026-09-19T134719,corn,cuda,2,10.4133,72.48,19.9
EXP-AI-001,2026-09-19T134719,corn,cuda,3,10.6353,72.48,19.9
EXP-AI-001,2026-09-19T134719,corn,cuda,4,10.5418,72.48,19.9
EXP-AI-001,2026-09-19T134719,corn,cuda,5,10.348,72.48,19.9
EXP-AI-001,2026-09-19T134719,corn,cuda,6,10.4939,72.48,19.9
EXP-AI-001,2026-09-19T134719,corn,cuda,7,10.2409,72.48,19.9
EXP-AI-001,2026-09-19T134719,corn,cuda,8,10.4306,72.48,19.9
EXP-AI-001,2026-09-19T134719,corn,cuda,9,10.3938,72.48,19.9
EXP-AI-001,2026-09-19T134719,corn,cuda,10,10.3768,72.48,19.9
EXP-AI-001,2026-09-19T134719,corn,cuda,11,10.3294,72.48,19.9
EXP-AI-001,2026-09-19T134719,corn,cuda,12,10.413,72.48,19.9
EXP-AI-001,2026-09-19T134719,corn,cuda,13,10.4122,72.48,19.9
EXP-AI-001,2026-09-19T134719,corn,cuda,14,10.505,72.48,19.9
EXP-AI-001,2026-09-19T134719,corn,cuda,15,10.7044,72.48,19.9
EXP-AI-001,2026-09-19T134719,corn,cuda,16,10.5003,72.48,19.9
EXP-AI-001,2026-09-19T134719,corn,cuda,17,10.3287,72.48,19.9
EXP-AI-001,2026-09-19T134719,corn,cuda,18,10.3361,72.48,19.9
EXP-AI-001,2026-09-19T134719,corn,cuda,19,10.4353,72.48,19.9
EXP-AI-001,2026-09-19T134719,corn,cuda,20,10.3403,72.48,19.9
EXP-AI-001,2026-09-19T134719,corn,cuda,21,10.4164,72.48,19.9
EXP-AI-001,2026-09-19T134719,corn,cuda,22,10.4387,72.48,19.9
EXP-AI-001,2026-09-19T134719,corn,cuda,23,10.8145,72.48,19.9
EXP-AI-001,2026-09-19T134719,corn,cuda,24,10.4347,72.48,19.9
EXP-AI-001,2026-09-19T134719,corn,cuda,25,10.4792,72.48,19.9
EXP-AI-001,2026-09-19T134719,corn,cuda,26,10.7169,72.48,19.9
EXP-AI-001,2026-09-19T134719,corn,cuda,27,10.3461,72.48,19.9
EXP-AI-001,2026-09-19T134719,corn,cuda,28,10.5535,72.48,19.9
EXP-AI-001,2026-09-19T134719,corn,cuda,29,10.5333,72.48,19.9
EXP-AI-001,2026-09-19T134719,corn,cuda,30,10.5984,72.48,19.9
EXP-AI-001,2026-09-19T134719,corn,cuda,31,10.4553,72.48,19.9
EXP-AI-001,2026-09-19T134719,corn,cuda,32,10.4354,72.48,19.9
EXP-AI-001,2026-09-19T134719,corn,cuda,33,10.5993,72.48,19.9
EXP-AI-001,2026-09-19T134719,corn,cuda,34,10.3159,72.48,19.9
EXP-AI-001,2026-09-19T134719,corn,cuda,35,10.4501,72.48,19.9
EXP-AI-001,2026-09-19T134719,corn,cuda,36,10.5269,72.48,19.9
EXP-AI-001,2026-09-19T134719,corn,cuda,37,10.3572,72.48,19.9
EXP-AI-001,2026-09-19T134719,corn,cuda,38,10.6808,72.48,19.9
EXP-AI-001,2026-09-19T134719,corn,cuda,39,11.0273,72.48,19.9
EXP-AI-001,2026-09-19T134719,corn,cuda,40,10.544,72.48,19.9
EXP-AI-001,2026-09-19T134719,corn,cuda,41,10.3104,72.48,19.9
EXP-AI-001,2026-09-19T134719,corn,cuda,42,10.6745,72.48,19.9
EXP-AI-001,2026-09-19T134719,corn,cuda,43,10.6071,72.48,19.9
EXP-AI-001,2026-09-19T134719,corn,cuda,44,10.4024,72.48,19.9
EXP-AI-001,2026-09-19T134719,corn,cuda,45,10.6336,72.48,19.9
EXP-AI-001,2026-09-19T134719,corn,cuda,46,10.3046,72.48,19.9
EXP-AI-001,2026-09-19T134719,corn,cuda,47,10.3699,72.48,19.9
EXP-AI-001,2026-09-19T134719,corn,cuda,48,10.3324,72.48,19.9
EXP-AI-001,2026-09-19T134719,corn,cuda,49,10.3399,72.48,19.9
EXP-AI-001,2026-09-19T134719,corn,cuda,50,10.4244,72.48,19.9
EXP-AI-001,2026-09-19T134719,corn,cuda,51,10.2814,72.48,19.9
EXP-AI-001,2026-09-19T134719,corn,cuda,52,10.8648,72.48,19.9
EXP-AI-001,2026-09-19T134719,corn,cuda,53,10.6355,72.48,19.9
EXP-AI-001,2026-09-19T134719,corn,cuda,54,10.5097,72.48,19.9
EXP-AI-001,2026-09-19T134719,corn,cuda,55,10.3635,72.48,19.9
EXP-AI-001,2026-09-19T134719,corn,cuda,56,10.4796,72.48,19.9
EXP-AI-001,2026-09-19T134719,corn,cuda,57,10.1554,72.48,19.9
EXP-AI-001,2026-09-19T134719,corn,cuda,58,10.465,72.48,19.9
EXP-AI-001,2026-09-19T134719,corn,cuda,59,10.4392,72.48,19.9
EXP-AI-001,2026-09-19T134719,corn,cuda,60,10.3461,72.48,19.9
EXP-AI-001,2026-09-19T134719,corn,cuda,61,10.2806,72.48,19.9
EXP-AI-001,2026-09-19T134719,corn,cuda,62,10.8178,72.48,19.9
EXP-AI-001,2026-09-19T134719,corn,cuda,63,10.4067,72.48,19.9
EXP-AI-001,2026-09-19T134719,corn,cuda,64,10.3409,72.48,19.9
EXP-AI-001,2026-09-19T134719,corn,cuda,65,10.28,72.48,19.9
EXP-AI-001,2026-09-19T134719,corn,cuda,66,10.5054,72.48,19.9
EXP-AI-001,2026-09-19T134719,corn,cuda,67,10.2441,72.48,19.9
EXP-AI-001,2026-09-19T134719,corn,cuda,68,10.4479,72.48,19.9
EXP-AI-001,2026-09-19T134719,corn,cuda,69,10.4955,72.48,19.9
EXP-AI-001,2026-09-19T134719,corn,cuda,70,10.3066,72.48,19.9
EXP-AI-001,2026-09-19T134719,corn,cuda,71,10.4954,72.48,19.9
EXP-AI-001,2026-09-19T134719,corn,cuda,72,10.5091,72.48,19.9
EXP-AI-001,2026-09-19T134719,corn,cuda,73,10.3068,72.48,19.9
EXP-AI-001,2026-09-19T134719,corn,cuda,74,10.3132,72.48,19.9
EXP-AI-001,2026-09-19T134719,corn,cuda,75,10.4334,72.48,19.9
EXP-AI-001,2026-09-19T134719,corn,cuda,76,10.33,72.48,19.9
EXP-AI-001,2026-09-19T134719,corn,cuda,77,10.3557,72.48,19.9
EXP-AI-001,2026-09-19T134719,corn,cuda,78,10.3504,72.48,19.9
EXP-AI-001,2026-09-19T134719,corn,cuda,79,10.339,72.48,19.9
EXP-AI-001,2026-09-19T134719,corn,cuda,80,10.2934,72.48,19.9
EXP-AI-001,2026-09-19T134719,corn,cuda,81,10.4273,72.48,19.9
EXP-AI-001,2026-09-19T134719,corn,cuda,82,10.3735,72.48,19.9
EXP-AI-001,2026-09-19T134719,corn,cuda,83,10.338,72.48,19.9
EXP-AI-001,2026-09-19T134719,corn,cuda,84,10.2871,72.48,19.9
EXP-AI-001,2026-09-19T134719,corn,cuda,85,10.5938,72.48,19.9
EXP-AI-001,2026-09-19T134719,corn,cuda,86,10.2605,72.48,19.9
EXP-AI-001,2026-09-19T134719,corn,cuda,87,10.3354,72.48,19.9
EXP-AI-001,2026-09-19T134719,corn,cuda,88,10.3334,72.48,19.9
EXP-AI-001,2026-09-19T134719,corn,cuda,89,10.3661,72.48,19.9
EXP-AI-001,2026-09-19T134719,corn,cuda,90,10.1792,72.48,19.9
EXP-AI-001,2026-09-19T134719,corn,cuda,91,10.8922,72.48,19.9
EXP-AI-001,2026-09-19T134719,corn,cuda,92,10.6131,72.48,19.9
EXP-AI-001,2026-09-19T134719,corn,cuda,93,10.388,72.48,19.9
EXP-AI-001,2026-09-19T134719,corn,cuda,94,10.371,72.48,19.9
EXP-AI-001,2026-09-19T134719,corn,cuda,95,10.4407,72.48,19.9
EXP-AI-001,2026-09-19T134719,corn,cuda,96,10.3578,72.48,19.9
EXP-AI-001,2026-09-19T134719,corn,cuda,97,10.3558,72.48,19.9
EXP-AI-001,2026-09-19T134719,corn,cuda,98,10.4494,72.48,19.9
EXP-AI-001,2026-09-19T134719,corn,cuda,99,10.3055,72.48,19.9
EXP-AI-001,2026-09-19T134719,corn,cuda,100,10.6238,72.48,19.9
EXP-AI-001,2026-09-19T134719,lettuce_best,cuda,1,10.4261,72.49,19.9
EXP-AI-001,2026-09-19T134719,lettuce_best,cuda,2,10.6108,72.49,19.9
EXP-AI-001,2026-09-19T134719,lettuce_best,cuda,3,10.4154,72.49,19.9
EXP-AI-001,2026-09-19T134719,lettuce_best,cuda,4,10.2521,72.49,19.9
EXP-AI-001,2026-09-19T134719,lettuce_best,cuda,5,10.7554,72.49,19.9
EXP-AI-001,2026-09-19T134719,lettuce_best,cuda,6,10.6113,72.49,19.9
EXP-AI-001,2026-09-19T134719,lettuce_best,cuda,7,10.2573,72.49,19.9
EXP-AI-001,2026-09-19T134719,lettuce_best,cuda,8,10.458,72.49,19.9
EXP-AI-001,2026-09-19T134719,lettuce_best,cuda,9,10.3788,72.49,19.9
EXP-AI-001,2026-09-19T134719,lettuce_best,cuda,10,10.4419,72.49,19.9
EXP-AI-001,2026-09-19T134719,lettuce_best,cuda,11,10.6526,72.49,19.9
EXP-AI-001,2026-09-19T134719,lettuce_best,cuda,12,10.5207,72.49,19.9
EXP-AI-001,2026-09-19T134719,lettuce_best,cuda,13,10.4389,72.49,19.9
EXP-AI-001,2026-09-19T134719,lettuce_best,cuda,14,10.3864,72.49,19.9
EXP-AI-001,2026-09-19T134719,lettuce_best,cuda,15,10.3387,72.49,19.9
EXP-AI-001,2026-09-19T134719,lettuce_best,cuda,16,10.4801,72.49,19.9
EXP-AI-001,2026-09-19T134719,lettuce_best,cuda,17,10.1816,72.49,19.9
EXP-AI-001,2026-09-19T134719,lettuce_best,cuda,18,10.1677,72.49,19.9
EXP-AI-001,2026-09-19T134719,lettuce_best,cuda,19,10.7914,72.49,19.9
EXP-AI-001,2026-09-19T134719,lettuce_best,cuda,20,10.3558,72.49,19.9
EXP-AI-001,2026-09-19T134719,lettuce_best,cuda,21,10.444,72.49,19.9
EXP-AI-001,2026-09-19T134719,lettuce_best,cuda,22,10.4434,72.49,19.9
EXP-AI-001,2026-09-19T134719,lettuce_best,cuda,23,10.3707,72.49,19.9
EXP-AI-001,2026-09-19T134719,lettuce_best,cuda,24,10.2135,72.49,19.9
EXP-AI-001,2026-09-19T134719,lettuce_best,cuda,25,10.3961,72.49,19.9
EXP-AI-001,2026-09-19T134719,lettuce_best,cuda,26,10.4372,72.49,19.9
EXP-AI-001,2026-09-19T134719,lettuce_best,cuda,27,10.085,72.49,19.9
EXP-AI-001,2026-09-19T134719,lettuce_best,cuda,28,10.5717,72.49,19.9
EXP-AI-001,2026-09-19T134719,lettuce_best,cuda,29,10.553,72.49,19.9
EXP-AI-001,2026-09-19T134719,lettuce_best,cuda,30,10.2779,72.49,19.9
EXP-AI-001,2026-09-19T134719,lettuce_best,cuda,31,10.154,72.49,19.9
EXP-AI-001,2026-09-19T134719,lettuce_best,cuda,32,10.5268,72.49,19.9
EXP-AI-001,2026-09-19T134719,lettuce_best,cuda,33,10.3422,72.49,19.9
EXP-AI-001,2026-09-19T134719,lettuce_best,cuda,34,10.3356,72.49,19.9
EXP-AI-001,2026-09-19T134719,lettuce_best,cuda,35,10.6254,72.49,19.9
EXP-AI-001,2026-09-19T134719,lettuce_best,cuda,36,10.3719,72.49,19.9
EXP-AI-001,2026-09-19T134719,lettuce_best,cuda,37,10.2857,72.49,19.9
EXP-AI-001,2026-09-19T134719,lettuce_best,cuda,38,10.5753,72.49,19.9
EXP-AI-001,2026-09-19T134719,lettuce_best,cuda,39,10.7063,72.49,19.9
EXP-AI-001,2026-09-19T134719,lettuce_best,cuda,40,10.2902,72.49,19.9
EXP-AI-001,2026-09-19T134719,lettuce_best,cuda,41,10.437,72.49,19.9
EXP-AI-001,2026-09-19T134719,lettuce_best,cuda,42,10.311,72.49,19.9
EXP-AI-001,2026-09-19T134719,lettuce_best,cuda,43,10.3112,72.49,19.9
EXP-AI-001,2026-09-19T134719,lettuce_best,cuda,44,10.3455,72.49,19.9
EXP-AI-001,2026-09-19T134719,lettuce_best,cuda,45,10.3949,72.49,19.9
EXP-AI-001,2026-09-19T134719,lettuce_best,cuda,46,10.3579,72.49,19.9
EXP-AI-001,2026-09-19T134719,lettuce_best,cuda,47,10.2859,72.49,19.9
EXP-AI-001,2026-09-19T134719,lettuce_best,cuda,48,10.2751,72.49,19.9
EXP-AI-001,2026-09-19T134719,lettuce_best,cuda,49,10.9139,72.49,19.9
EXP-AI-001,2026-09-19T134719,lettuce_best,cuda,50,10.4949,72.49,19.9
EXP-AI-001,2026-09-19T134719,lettuce_best,cuda,51,10.3436,72.49,19.9
EXP-AI-001,2026-09-19T134719,lettuce_best,cuda,52,10.4791,72.49,19.9
EXP-AI-001,2026-09-19T134719,lettuce_best,cuda,53,10.2856,72.49,19.9
EXP-AI-001,2026-09-19T134719,lettuce_best,cuda,54,10.3054,72.49,19.9
EXP-AI-001,2026-09-19T134719,lettuce_best,cuda,55,10.1922,72.49,19.9
EXP-AI-001,2026-09-19T134719,lettuce_best,cuda,56,10.3082,72.49,19.9
EXP-AI-001,2026-09-19T134719,lettuce_best,cuda,57,10.2332,72.49,19.9
EXP-AI-001,2026-09-19T134719,lettuce_best,cuda,58,10.3861,72.49,19.9
EXP-AI-001,2026-09-19T134719,lettuce_best,cuda,59,10.4745,72.49,19.9
EXP-AI-001,2026-09-19T134719,lettuce_best,cuda,60,10.2691,72.49,19.9
EXP-AI-001,2026-09-19T134719,lettuce_best,cuda,61,10.3873,72.49,19.9
EXP-AI-001,2026-09-19T134719,lettuce_best,cuda,62,10.4059,72.49,19.9
EXP-AI-001,2026-09-19T134719,lettuce_best,cuda,63,10.3409,72.49,19.9
EXP-AI-001,2026-09-19T134719,lettuce_best,cuda,64,10.3227,72.49,19.9
EXP-AI-001,2026-09-19T134719,lettuce_best,cuda,65,10.3521,72.49,19.9
EXP-AI-001,2026-09-19T134719,lettuce_best,cuda,66,10.4937,72.49,19.9
EXP-AI-001,2026-09-19T134719,lettuce_best,cuda,67,10.6395,72.49,19.9
EXP-AI-001,2026-09-19T134719,lettuce_best,cuda,68,10.779,72.49,19.9
EXP-AI-001,2026-09-19T134719,lettuce_best,cuda,69,10.4969,72.49,19.9
EXP-AI-001,2026-09-19T134719,lettuce_best,cuda,70,10.334,72.49,19.9
EXP-AI-001,2026-09-19T134719,lettuce_best,cuda,71,10.3013,72.49,19.9
EXP-AI-001,2026-09-19T134719,lettuce_best,cuda,72,10.2859,72.49,19.9
EXP-AI-001,2026-09-19T134719,lettuce_best,cuda,73,10.2385,72.49,19.9
EXP-AI-001,2026-09-19T134719,lettuce_best,cuda,74,10.1827,72.49,19.9
EXP-AI-001,2026-09-19T134719,lettuce_best,cuda,75,10.3992,72.49,19.9
EXP-AI-001,2026-09-19T134719,lettuce_best,cuda,76,10.2532,72.49,19.9
EXP-AI-001,2026-09-19T134719,lettuce_best,cuda,77,10.3351,72.49,19.9
EXP-AI-001,2026-09-19T134719,lettuce_best,cuda,78,10.5576,72.49,19.9
EXP-AI-001,2026-09-19T134719,lettuce_best,cuda,79,10.4344,72.49,19.9
EXP-AI-001,2026-09-19T134719,lettuce_best,cuda,80,10.4213,72.49,19.9
EXP-AI-001,2026-09-19T134719,lettuce_best,cuda,81,10.5032,72.49,19.9
EXP-AI-001,2026-09-19T134719,lettuce_best,cuda,82,10.4642,72.49,19.9
EXP-AI-001,2026-09-19T134719,lettuce_best,cuda,83,10.2559,72.49,19.9
EXP-AI-001,2026-09-19T134719,lettuce_best,cuda,84,10.2458,72.49,19.9
EXP-AI-001,2026-09-19T134719,lettuce_best,cuda,85,10.1874,72.49,19.9
EXP-AI-001,2026-09-19T134719,lettuce_best,cuda,86,10.2485,72.49,19.9
EXP-AI-001,2026-09-19T134719,lettuce_best,cuda,87,10.4142,72.49,19.9
EXP-AI-001,2026-09-19T134719,lettuce_best,cuda,88,10.4824,72.49,19.9
EXP-AI-001,2026-09-19T134719,lettuce_best,cuda,89,10.416,72.49,19.9
EXP-AI-001,2026-09-19T134719,lettuce_best,cuda,90,10.3483,72.49,19.9
EXP-AI-001,2026-09-19T134719,lettuce_best,cuda,91,10.3879,72.49,19.9
EXP-AI-001,2026-09-19T134719,lettuce_best,cuda,92,10.1283,72.49,19.9
EXP-AI-001,2026-09-19T134719,lettuce_best,cuda,93,10.5052,72.49,19.9
EXP-AI-001,2026-09-19T134719,lettuce_best,cuda,94,10.3751,72.49,19.9
EXP-AI-001,2026-09-19T134719,lettuce_best,cuda,95,10.1585,72.49,19.9
EXP-AI-001,2026-09-19T134719,lettuce_best,cuda,96,10.3535,72.49,19.9
EXP-AI-001,2026-09-19T134719,lettuce_best,cuda,97,10.5253,72.49,19.9
EXP-AI-001,2026-09-19T134719,lettuce_best,cuda,98,10.3141,72.49,19.9
EXP-AI-001,2026-09-19T134719,lettuce_best,cuda,99,10.3597,72.49,19.9
EXP-AI-001,2026-09-19T134719,lettuce_best,cuda,100,10.319,72.49,19.9
EXP-AI-001,2026-09-19T134719,mushroom_best,cuda,1,10.6048,72.47,19.9
EXP-AI-001,2026-09-19T134719,mushroom_best,cuda,2,10.3819,72.47,19.9
EXP-AI-001,2026-09-19T134719,mushroom_best,cuda,3,10.2789,72.47,19.9
EXP-AI-001,2026-09-19T134719,mushroom_best,cuda,4,10.3209,72.47,19.9
EXP-AI-001,2026-09-19T134719,mushroom_best,cuda,5,10.2062,72.47,19.9
EXP-AI-001,2026-09-19T134719,mushroom_best,cuda,6,10.1792,72.47,19.9
EXP-AI-001,2026-09-19T134719,mushroom_best,cuda,7,10.458,72.47,19.9
EXP-AI-001,2026-09-19T134719,mushroom_best,cuda,8,10.2406,72.47,19.9
EXP-AI-001,2026-09-19T134719,mushroom_best,cuda,9,10.1198,72.47,19.9
EXP-AI-001,2026-09-19T134719,mushroom_best,cuda,10,10.5344,72.47,19.9
EXP-AI-001,2026-09-19T134719,mushroom_best,cuda,11,10.2828,72.47,19.9
EXP-AI-001,2026-09-19T134719,mushroom_best,cuda,12,10.2675,72.47,19.9
EXP-AI-001,2026-09-19T134719,mushroom_best,cuda,13,10.3995,72.47,19.9
EXP-AI-001,2026-09-19T134719,mushroom_best,cuda,14,10.1527,72.47,19.9
EXP-AI-001,2026-09-19T134719,mushroom_best,cuda,15,10.2096,72.47,19.9
EXP-AI-001,2026-09-19T134719,mushroom_best,cuda,16,10.2165,72.47,19.9
EXP-AI-001,2026-09-19T134719,mushroom_best,cuda,17,10.6169,72.47,19.9
EXP-AI-001,2026-09-19T134719,mushroom_best,cuda,18,10.453,72.47,19.9
EXP-AI-001,2026-09-19T134719,mushroom_best,cuda,19,10.2367,72.47,19.9
EXP-AI-001,2026-09-19T134719,mushroom_best,cuda,20,10.2995,72.47,19.9
EXP-AI-001,2026-09-19T134719,mushroom_best,cuda,21,10.4488,72.47,19.9
EXP-AI-001,2026-09-19T134719,mushroom_best,cuda,22,10.2518,72.47,19.9
EXP-AI-001,2026-09-19T134719,mushroom_best,cuda,23,10.2428,72.47,19.9
EXP-AI-001,2026-09-19T134719,mushroom_best,cuda,24,10.2251,72.47,19.9
EXP-AI-001,2026-09-19T134719,mushroom_best,cuda,25,10.1554,72.47,19.9
EXP-AI-001,2026-09-19T134719,mushroom_best,cuda,26,10.5703,72.47,19.9
EXP-AI-001,2026-09-19T134719,mushroom_best,cuda,27,10.4967,72.47,19.9
EXP-AI-001,2026-09-19T134719,mushroom_best,cuda,28,10.3755,72.47,19.9
EXP-AI-001,2026-09-19T134719,mushroom_best,cuda,29,10.3189,72.47,19.9
EXP-AI-001,2026-09-19T134719,mushroom_best,cuda,30,10.4418,72.47,19.9
EXP-AI-001,2026-09-19T134719,mushroom_best,cuda,31,10.3299,72.47,19.9
EXP-AI-001,2026-09-19T134719,mushroom_best,cuda,32,10.2128,72.47,19.9
EXP-AI-001,2026-09-19T134719,mushroom_best,cuda,33,10.3091,72.47,19.9
EXP-AI-001,2026-09-19T134719,mushroom_best,cuda,34,10.4193,72.47,19.9
EXP-AI-001,2026-09-19T134719,mushroom_best,cuda,35,10.4066,72.47,19.9
EXP-AI-001,2026-09-19T134719,mushroom_best,cuda,36,10.6153,72.47,19.9
EXP-AI-001,2026-09-19T134719,mushroom_best,cuda,37,10.5315,72.47,19.9
EXP-AI-001,2026-09-19T134719,mushroom_best,cuda,38,10.3244,72.47,19.9
EXP-AI-001,2026-09-19T134719,mushroom_best,cuda,39,10.4775,72.47,19.9
EXP-AI-001,2026-09-19T134719,mushroom_best,cuda,40,10.3035,72.47,19.9
EXP-AI-001,2026-09-19T134719,mushroom_best,cuda,41,10.1403,72.47,19.9
EXP-AI-001,2026-09-19T134719,mushroom_best,cuda,42,10.1947,72.47,19.9
EXP-AI-001,2026-09-19T134719,mushroom_best,cuda,43,10.2151,72.47,19.9
EXP-AI-001,2026-09-19T134719,mushroom_best,cuda,44,10.3073,72.47,19.9
EXP-AI-001,2026-09-19T134719,mushroom_best,cuda,45,10.2479,72.47,19.9
EXP-AI-001,2026-09-19T134719,mushroom_best,cuda,46,10.5309,72.47,19.9
EXP-AI-001,2026-09-19T134719,mushroom_best,cuda,47,10.3402,72.47,19.9
EXP-AI-001,2026-09-19T134719,mushroom_best,cuda,48,10.2535,72.47,19.9
EXP-AI-001,2026-09-19T134719,mushroom_best,cuda,49,10.1348,72.47,19.9
EXP-AI-001,2026-09-19T134719,mushroom_best,cuda,50,10.3547,72.47,19.9
EXP-AI-001,2026-09-19T134719,mushroom_best,cuda,51,10.2278,72.47,19.9
EXP-AI-001,2026-09-19T134719,mushroom_best,cuda,52,10.2045,72.47,19.9
EXP-AI-001,2026-09-19T134719,mushroom_best,cuda,53,10.2894,72.47,19.9
EXP-AI-001,2026-09-19T134719,mushroom_best,cuda,54,10.173,72.47,19.9
EXP-AI-001,2026-09-19T134719,mushroom_best,cuda,55,10.2168,72.47,19.9
EXP-AI-001,2026-09-19T134719,mushroom_best,cuda,56,10.6485,72.47,19.9
EXP-AI-001,2026-09-19T134719,mushroom_best,cuda,57,10.3166,72.47,19.9
EXP-AI-001,2026-09-19T134719,mushroom_best,cuda,58,10.3127,72.47,19.9
EXP-AI-001,2026-09-19T134719,mushroom_best,cuda,59,10.2745,72.47,19.9
EXP-AI-001,2026-09-19T134719,mushroom_best,cuda,60,10.2576,72.47,19.9
EXP-AI-001,2026-09-19T134719,mushroom_best,cuda,61,10.1845,72.47,19.9
EXP-AI-001,2026-09-19T134719,mushroom_best,cuda,62,10.3494,72.47,19.9
EXP-AI-001,2026-09-19T134719,mushroom_best,cuda,63,10.2407,72.47,19.9
EXP-AI-001,2026-09-19T134719,mushroom_best,cuda,64,10.2068,72.47,19.9
EXP-AI-001,2026-09-19T134719,mushroom_best,cuda,65,10.2882,72.47,19.9
EXP-AI-001,2026-09-19T134719,mushroom_best,cuda,66,10.7401,72.47,19.9
EXP-AI-001,2026-09-19T134719,mushroom_best,cuda,67,10.1912,72.47,19.9
EXP-AI-001,2026-09-19T134719,mushroom_best,cuda,68,10.5255,72.47,19.9
EXP-AI-001,2026-09-19T134719,mushroom_best,cuda,69,11.0194,72.47,19.9
EXP-AI-001,2026-09-19T134719,mushroom_best,cuda,70,10.441,72.47,19.9
EXP-AI-001,2026-09-19T134719,mushroom_best,cuda,71,10.4055,72.47,19.9
EXP-AI-001,2026-09-19T134719,mushroom_best,cuda,72,10.4386,72.47,19.9
EXP-AI-001,2026-09-19T134719,mushroom_best,cuda,73,10.3713,72.47,19.9
EXP-AI-001,2026-09-19T134719,mushroom_best,cuda,74,10.4807,72.47,19.9
EXP-AI-001,2026-09-19T134719,mushroom_best,cuda,75,10.9441,72.47,19.9
EXP-AI-001,2026-09-19T134719,mushroom_best,cuda,76,10.4668,72.47,19.9
EXP-AI-001,2026-09-19T134719,mushroom_best,cuda,77,10.2774,72.47,19.9
EXP-AI-001,2026-09-19T134719,mushroom_best,cuda,78,10.4252,72.47,19.9
EXP-AI-001,2026-09-19T134719,mushroom_best,cuda,79,10.3779,72.47,19.9
EXP-AI-001,2026-09-19T134719,mushroom_best,cuda,80,10.3416,72.47,19.9
EXP-AI-001,2026-09-19T134719,mushroom_best,cuda,81,10.3572,72.47,19.9
EXP-AI-001,2026-09-19T134719,mushroom_best,cuda,82,10.5179,72.47,19.9
EXP-AI-001,2026-09-19T134719,mushroom_best,cuda,83,10.4565,72.47,19.9
EXP-AI-001,2026-09-19T134719,mushroom_best,cuda,84,10.3965,72.47,19.9
EXP-AI-001,2026-09-19T134719,mushroom_best,cuda,85,10.6791,72.47,19.9
EXP-AI-001,2026-09-19T134719,mushroom_best,cuda,86,10.5074,72.47,19.9
EXP-AI-001,2026-09-19T134719,mushroom_best,cuda,87,10.2365,72.47,19.9
EXP-AI-001,2026-09-19T134719,mushroom_best,cuda,88,10.3898,72.47,19.9
EXP-AI-001,2026-09-19T134719,mushroom_best,cuda,89,10.5336,72.47,19.9
EXP-AI-001,2026-09-19T134719,mushroom_best,cuda,90,10.2636,72.47,19.9
EXP-AI-001,2026-09-19T134719,mushroom_best,cuda,91,10.4143,72.47,19.9
EXP-AI-001,2026-09-19T134719,mushroom_best,cuda,92,10.512,72.47,19.9
EXP-AI-001,2026-09-19T134719,mushroom_best,cuda,93,10.4123,72.47,19.9
EXP-AI-001,2026-09-19T134719,mushroom_best,cuda,94,10.3385,72.47,19.9
EXP-AI-001,2026-09-19T134719,mushroom_best,cuda,95,10.7008,72.47,19.9
EXP-AI-001,2026-09-19T134719,mushroom_best,cuda,96,10.2943,72.47,19.9
EXP-AI-001,2026-09-19T134719,mushroom_best,cuda,97,10.1955,72.47,19.9
EXP-AI-001,2026-09-19T134719,mushroom_best,cuda,98,10.408,72.47,19.9
EXP-AI-001,2026-09-19T134719,mushroom_best,cuda,99,10.4023,72.47,19.9
EXP-AI-001,2026-09-19T134719,mushroom_best,cuda,100,10.4376,72.47,19.9
EXP-AI-001,2026-09-19T134719,potato,cuda,1,10.4063,72.47,19.9
EXP-AI-001,2026-09-19T134719,potato,cuda,2,10.4498,72.47,19.9
EXP-AI-001,2026-09-19T134719,potato,cuda,3,10.3872,72.47,19.9
EXP-AI-001,2026-09-19T134719,potato,cuda,4,10.5325,72.47,19.9
EXP-AI-001,2026-09-19T134719,potato,cuda,5,10.464,72.47,19.9
EXP-AI-001,2026-09-19T134719,potato,cuda,6,10.449,72.47,19.9
EXP-AI-001,2026-09-19T134719,potato,cuda,7,10.4232,72.47,19.9
EXP-AI-001,2026-09-19T134719,potato,cuda,8,10.4002,72.47,19.9
EXP-AI-001,2026-09-19T134719,potato,cuda,9,10.3246,72.47,19.9
EXP-AI-001,2026-09-19T134719,potato,cuda,10,10.2965,72.47,19.9
EXP-AI-001,2026-09-19T134719,potato,cuda,11,10.2505,72.47,19.9
EXP-AI-001,2026-09-19T134719,potato,cuda,12,10.3395,72.47,19.9
EXP-AI-001,2026-09-19T134719,potato,cuda,13,10.3409,72.47,19.9
EXP-AI-001,2026-09-19T134719,potato,cuda,14,10.192,72.47,19.9
EXP-AI-001,2026-09-19T134719,potato,cuda,15,10.6376,72.47,19.9
EXP-AI-001,2026-09-19T134719,potato,cuda,16,10.3375,72.47,19.9
EXP-AI-001,2026-09-19T134719,potato,cuda,17,10.1978,72.47,19.9
EXP-AI-001,2026-09-19T134719,potato,cuda,18,10.3713,72.47,19.9
EXP-AI-001,2026-09-19T134719,potato,cuda,19,10.3556,72.47,19.9
EXP-AI-001,2026-09-19T134719,potato,cuda,20,10.3497,72.47,19.9
EXP-AI-001,2026-09-19T134719,potato,cuda,21,10.2107,72.47,19.9
EXP-AI-001,2026-09-19T134719,potato,cuda,22,10.4153,72.47,19.9
EXP-AI-001,2026-09-19T134719,potato,cuda,23,10.4344,72.47,19.9
EXP-AI-001,2026-09-19T134719,potato,cuda,24,10.6627,72.47,19.9
EXP-AI-001,2026-09-19T134719,potato,cuda,25,10.6027,72.47,19.9
EXP-AI-001,2026-09-19T134719,potato,cuda,26,10.4385,72.47,19.9
EXP-AI-001,2026-09-19T134719,potato,cuda,27,10.302,72.47,19.9
EXP-AI-001,2026-09-19T134719,potato,cuda,28,10.2379,72.47,19.9
EXP-AI-001,2026-09-19T134719,potato,cuda,29,10.2963,72.47,19.9
EXP-AI-001,2026-09-19T134719,potato,cuda,30,10.2103,72.47,19.9
EXP-AI-001,2026-09-19T134719,potato,cuda,31,10.3502,72.47,19.9
EXP-AI-001,2026-09-19T134719,potato,cuda,32,10.2536,72.47,19.9
EXP-AI-001,2026-09-19T134719,potato,cuda,33,10.4174,72.47,19.9
EXP-AI-001,2026-09-19T134719,potato,cuda,34,10.6217,72.47,19.9
EXP-AI-001,2026-09-19T134719,potato,cuda,35,10.4614,72.47,19.9
EXP-AI-001,2026-09-19T134719,potato,cuda,36,11.0325,72.47,19.9
EXP-AI-001,2026-09-19T134719,potato,cuda,37,10.5927,72.47,19.9
EXP-AI-001,2026-09-19T134719,potato,cuda,38,10.5906,72.47,19.9
EXP-AI-001,2026-09-19T134719,potato,cuda,39,10.5345,72.47,19.9
EXP-AI-001,2026-09-19T134719,potato,cuda,40,10.3311,72.47,19.9
EXP-AI-001,2026-09-19T134719,potato,cuda,41,10.4467,72.47,19.9
EXP-AI-001,2026-09-19T134719,potato,cuda,42,10.3023,72.47,19.9
EXP-AI-001,2026-09-19T134719,potato,cuda,43,10.5598,72.47,19.9
EXP-AI-001,2026-09-19T134719,potato,cuda,44,10.4627,72.47,19.9
EXP-AI-001,2026-09-19T134719,potato,cuda,45,10.6546,72.47,19.9
EXP-AI-001,2026-09-19T134719,potato,cuda,46,10.7071,72.47,19.9
EXP-AI-001,2026-09-19T134719,potato,cuda,47,10.3453,72.47,19.9
EXP-AI-001,2026-09-19T134719,potato,cuda,48,10.4173,72.47,19.9
EXP-AI-001,2026-09-19T134719,potato,cuda,49,10.3707,72.47,19.9
EXP-AI-001,2026-09-19T134719,potato,cuda,50,10.2587,72.47,19.9
EXP-AI-001,2026-09-19T134719,potato,cuda,51,10.6388,72.47,19.9
EXP-AI-001,2026-09-19T134719,potato,cuda,52,10.7638,72.47,19.9
EXP-AI-001,2026-09-19T134719,potato,cuda,53,10.7721,72.47,19.9
EXP-AI-001,2026-09-19T134719,potato,cuda,54,10.3793,72.47,19.9
EXP-AI-001,2026-09-19T134719,potato,cuda,55,10.5563,72.47,19.9
EXP-AI-001,2026-09-19T134719,potato,cuda,56,10.4546,72.47,19.9
EXP-AI-001,2026-09-19T134719,potato,cuda,57,10.2771,72.47,19.9
EXP-AI-001,2026-09-19T134719,potato,cuda,58,10.4658,72.47,19.9
EXP-AI-001,2026-09-19T134719,potato,cuda,59,11.5179,72.47,19.9
EXP-AI-001,2026-09-19T134719,potato,cuda,60,10.6335,72.47,19.9
EXP-AI-001,2026-09-19T134719,potato,cuda,61,10.5776,72.47,19.9
EXP-AI-001,2026-09-19T134719,potato,cuda,62,10.5814,72.47,19.9
EXP-AI-001,2026-09-19T134719,potato,cuda,63,10.5246,72.47,19.9
EXP-AI-001,2026-09-19T134719,potato,cuda,64,10.2743,72.47,19.9
EXP-AI-001,2026-09-19T134719,potato,cuda,65,10.7597,72.47,19.9
EXP-AI-001,2026-09-19T134719,potato,cuda,66,10.9271,72.47,19.9
EXP-AI-001,2026-09-19T134719,potato,cuda,67,10.4256,72.47,19.9
EXP-AI-001,2026-09-19T134719,potato,cuda,68,10.6687,72.47,19.9
EXP-AI-001,2026-09-19T134719,potato,cuda,69,10.3966,72.47,19.9
EXP-AI-001,2026-09-19T134719,potato,cuda,70,10.4072,72.47,19.9
EXP-AI-001,2026-09-19T134719,potato,cuda,71,10.4292,72.47,19.9
EXP-AI-001,2026-09-19T134719,potato,cuda,72,10.5178,72.47,19.9
EXP-AI-001,2026-09-19T134719,potato,cuda,73,10.3352,72.47,19.9
EXP-AI-001,2026-09-19T134719,potato,cuda,74,10.2895,72.47,19.9
EXP-AI-001,2026-09-19T134719,potato,cuda,75,10.3676,72.47,19.9
EXP-AI-001,2026-09-19T134719,potato,cuda,76,10.5274,72.47,19.9
EXP-AI-001,2026-09-19T134719,potato,cuda,77,10.2061,72.47,19.9
EXP-AI-001,2026-09-19T134719,potato,cuda,78,10.4365,72.47,19.9
EXP-AI-001,2026-09-19T134719,potato,cuda,79,10.3889,72.47,19.9
EXP-AI-001,2026-09-19T134719,potato,cuda,80,10.3642,72.47,19.9
EXP-AI-001,2026-09-19T134719,potato,cuda,81,10.6862,72.47,19.9
EXP-AI-001,2026-09-19T134719,potato,cuda,82,10.4954,72.47,19.9
EXP-AI-001,2026-09-19T134719,potato,cuda,83,10.5017,72.47,19.9
EXP-AI-001,2026-09-19T134719,potato,cuda,84,10.156,72.47,19.9
EXP-AI-001,2026-09-19T134719,potato,cuda,85,10.4518,72.47,19.9
EXP-AI-001,2026-09-19T134719,potato,cuda,86,10.314,72.47,19.9
EXP-AI-001,2026-09-19T134719,potato,cuda,87,10.5741,72.47,19.9
EXP-AI-001,2026-09-19T134719,potato,cuda,88,10.5105,72.47,19.9
EXP-AI-001,2026-09-19T134719,potato,cuda,89,10.3445,72.47,19.9
EXP-AI-001,2026-09-19T134719,potato,cuda,90,10.2084,72.47,19.9
EXP-AI-001,2026-09-19T134719,potato,cuda,91,10.727,72.47,19.9
EXP-AI-001,2026-09-19T134719,potato,cuda,92,10.3483,72.47,19.9
EXP-AI-001,2026-09-19T134719,potato,cuda,93,10.574,72.47,19.9
EXP-AI-001,2026-09-19T134719,potato,cuda,94,10.3792,72.47,19.9
EXP-AI-001,2026-09-19T134719,potato,cuda,95,10.4578,72.47,19.9
EXP-AI-001,2026-09-19T134719,potato,cuda,96,11.6915,72.47,19.9
EXP-AI-001,2026-09-19T134719,potato,cuda,97,32.1631,72.47,19.9
EXP-AI-001,2026-09-19T134719,potato,cuda,98,11.0352,72.47,19.9
EXP-AI-001,2026-09-19T134719,potato,cuda,99,10.6502,72.47,19.9
EXP-AI-001,2026-09-19T134719,potato,cuda,100,10.6847,72.47,19.9
EXP-AI-001,2026-09-19T134719,radish_best,cuda,1,10.6069,72.48,19.9
EXP-AI-001,2026-09-19T134719,radish_best,cuda,2,10.4674,72.48,19.9
EXP-AI-001,2026-09-19T134719,radish_best,cuda,3,10.4055,72.48,19.9
EXP-AI-001,2026-09-19T134719,radish_best,cuda,4,10.2458,72.48,19.9
EXP-AI-001,2026-09-19T134719,radish_best,cuda,5,10.5796,72.48,19.9
EXP-AI-001,2026-09-19T134719,radish_best,cuda,6,10.7704,72.48,19.9
EXP-AI-001,2026-09-19T134719,radish_best,cuda,7,10.5151,72.48,19.9
EXP-AI-001,2026-09-19T134719,radish_best,cuda,8,10.7221,72.48,19.9
EXP-AI-001,2026-09-19T134719,radish_best,cuda,9,10.4205,72.48,19.9
EXP-AI-001,2026-09-19T134719,radish_best,cuda,10,10.4751,72.48,19.9
EXP-AI-001,2026-09-19T134719,radish_best,cuda,11,10.4444,72.48,19.9
EXP-AI-001,2026-09-19T134719,radish_best,cuda,12,10.4623,72.48,19.9
EXP-AI-001,2026-09-19T134719,radish_best,cuda,13,10.1941,72.48,19.9
EXP-AI-001,2026-09-19T134719,radish_best,cuda,14,10.1886,72.48,19.9
EXP-AI-001,2026-09-19T134719,radish_best,cuda,15,10.341,72.48,19.9
EXP-AI-001,2026-09-19T134719,radish_best,cuda,16,10.4089,72.48,19.9
EXP-AI-001,2026-09-19T134719,radish_best,cuda,17,10.6425,72.48,19.9
EXP-AI-001,2026-09-19T134719,radish_best,cuda,18,10.3993,72.48,19.9
EXP-AI-001,2026-09-19T134719,radish_best,cuda,19,10.3667,72.48,19.9
EXP-AI-001,2026-09-19T134719,radish_best,cuda,20,11.2745,72.48,19.9
EXP-AI-001,2026-09-19T134719,radish_best,cuda,21,10.6725,72.48,19.9
EXP-AI-001,2026-09-19T134719,radish_best,cuda,22,10.3753,72.48,19.9
EXP-AI-001,2026-09-19T134719,radish_best,cuda,23,10.5436,72.48,19.9
EXP-AI-001,2026-09-19T134719,radish_best,cuda,24,10.5487,72.48,19.9
EXP-AI-001,2026-09-19T134719,radish_best,cuda,25,10.52,72.48,19.9
EXP-AI-001,2026-09-19T134719,radish_best,cuda,26,10.5604,72.48,19.9
EXP-AI-001,2026-09-19T134719,radish_best,cuda,27,10.5074,72.48,19.9
EXP-AI-001,2026-09-19T134719,radish_best,cuda,28,10.2674,72.48,19.9
EXP-AI-001,2026-09-19T134719,radish_best,cuda,29,10.4405,72.48,19.9
EXP-AI-001,2026-09-19T134719,radish_best,cuda,30,10.2695,72.48,19.9
EXP-AI-001,2026-09-19T134719,radish_best,cuda,31,10.5293,72.48,19.9
EXP-AI-001,2026-09-19T134719,radish_best,cuda,32,10.5639,72.48,19.9
EXP-AI-001,2026-09-19T134719,radish_best,cuda,33,10.345,72.48,19.9
EXP-AI-001,2026-09-19T134719,radish_best,cuda,34,10.5425,72.48,19.9
EXP-AI-001,2026-09-19T134719,radish_best,cuda,35,10.6204,72.48,19.9
EXP-AI-001,2026-09-19T134719,radish_best,cuda,36,10.7374,72.48,19.9
EXP-AI-001,2026-09-19T134719,radish_best,cuda,37,10.289,72.48,19.9
EXP-AI-001,2026-09-19T134719,radish_best,cuda,38,10.5484,72.48,19.9
EXP-AI-001,2026-09-19T134719,radish_best,cuda,39,10.5145,72.48,19.9
EXP-AI-001,2026-09-19T134719,radish_best,cuda,40,10.4965,72.48,19.9
EXP-AI-001,2026-09-19T134719,radish_best,cuda,41,10.4833,72.48,19.9
EXP-AI-001,2026-09-19T134719,radish_best,cuda,42,10.4117,72.48,19.9
EXP-AI-001,2026-09-19T134719,radish_best,cuda,43,10.2506,72.48,19.9
EXP-AI-001,2026-09-19T134719,radish_best,cuda,44,10.5117,72.48,19.9
EXP-AI-001,2026-09-19T134719,radish_best,cuda,45,10.307,72.48,19.9
EXP-AI-001,2026-09-19T134719,radish_best,cuda,46,10.7806,72.48,19.9
EXP-AI-001,2026-09-19T134719,radish_best,cuda,47,10.6543,72.48,19.9
EXP-AI-001,2026-09-19T134719,radish_best,cuda,48,10.4121,72.48,19.9
EXP-AI-001,2026-09-19T134719,radish_best,cuda,49,10.4543,72.48,19.9
EXP-AI-001,2026-09-19T134719,radish_best,cuda,50,10.2343,72.48,19.9
EXP-AI-001,2026-09-19T134719,radish_best,cuda,51,10.3169,72.48,19.9
EXP-AI-001,2026-09-19T134719,radish_best,cuda,52,10.5404,72.48,19.9
EXP-AI-001,2026-09-19T134719,radish_best,cuda,53,10.2912,72.48,19.9
EXP-AI-001,2026-09-19T134719,radish_best,cuda,54,10.3397,72.48,19.9
EXP-AI-001,2026-09-19T134719,radish_best,cuda,55,10.6153,72.48,19.9
EXP-AI-001,2026-09-19T134719,radish_best,cuda,56,10.6105,72.48,19.9
EXP-AI-001,2026-09-19T134719,radish_best,cuda,57,10.3058,72.48,19.9
EXP-AI-001,2026-09-19T134719,radish_best,cuda,58,10.6868,72.48,19.9
EXP-AI-001,2026-09-19T134719,radish_best,cuda,59,10.425,72.48,19.9
EXP-AI-001,2026-09-19T134719,radish_best,cuda,60,10.2849,72.48,19.9
EXP-AI-001,2026-09-19T134719,radish_best,cuda,61,10.4043,72.48,19.9
EXP-AI-001,2026-09-19T134719,radish_best,cuda,62,10.4207,72.48,19.9
EXP-AI-001,2026-09-19T134719,radish_best,cuda,63,10.4728,72.48,19.9
EXP-AI-001,2026-09-19T134719,radish_best,cuda,64,11.1108,72.48,19.9
EXP-AI-001,2026-09-19T134719,radish_best,cuda,65,20.7246,72.48,19.9
EXP-AI-001,2026-09-19T134719,radish_best,cuda,66,10.696,72.48,19.9
EXP-AI-001,2026-09-19T134719,radish_best,cuda,67,10.7372,72.48,19.9
EXP-AI-001,2026-09-19T134719,radish_best,cuda,68,10.479,72.48,19.9
EXP-AI-001,2026-09-19T134719,radish_best,cuda,69,10.431,72.48,19.9
EXP-AI-001,2026-09-19T134719,radish_best,cuda,70,10.4929,72.48,19.9
EXP-AI-001,2026-09-19T134719,radish_best,cuda,71,10.409,72.48,19.9
EXP-AI-001,2026-09-19T134719,radish_best,cuda,72,10.3843,72.48,19.9
EXP-AI-001,2026-09-19T134719,radish_best,cuda,73,10.8347,72.48,19.9
EXP-AI-001,2026-09-19T134719,radish_best,cuda,74,10.5832,72.48,19.9
EXP-AI-001,2026-09-19T134719,radish_best,cuda,75,10.441,72.48,19.9
EXP-AI-001,2026-09-19T134719,radish_best,cuda,76,10.3204,72.48,19.9
EXP-AI-001,2026-09-19T134719,radish_best,cuda,77,10.4593,72.48,19.9
EXP-AI-001,2026-09-19T134719,radish_best,cuda,78,10.2893,72.48,19.9
EXP-AI-001,2026-09-19T134719,radish_best,cuda,79,10.4837,72.48,19.9
EXP-AI-001,2026-09-19T134719,radish_best,cuda,80,10.5255,72.48,19.9
EXP-AI-001,2026-09-19T134719,radish_best,cuda,81,10.6536,72.48,19.9
EXP-AI-001,2026-09-19T134719,radish_best,cuda,82,10.6347,72.48,19.9
EXP-AI-001,2026-09-19T134719,radish_best,cuda,83,10.6104,72.48,19.9
EXP-AI-001,2026-09-19T134719,radish_best,cuda,84,10.42,72.48,19.9
EXP-AI-001,2026-09-19T134719,radish_best,cuda,85,10.6182,72.48,19.9
EXP-AI-001,2026-09-19T134719,radish_best,cuda,86,10.3685,72.48,19.9
EXP-AI-001,2026-09-19T134719,radish_best,cuda,87,10.4274,72.48,19.9
EXP-AI-001,2026-09-19T134719,radish_best,cuda,88,11.3366,72.48,19.9
EXP-AI-001,2026-09-19T134719,radish_best,cuda,89,10.7273,72.48,19.9
EXP-AI-001,2026-09-19T134719,radish_best,cuda,90,10.4059,72.48,19.9
EXP-AI-001,2026-09-19T134719,radish_best,cuda,91,10.5608,72.48,19.9
EXP-AI-001,2026-09-19T134719,radish_best,cuda,92,10.7319,72.48,19.9
EXP-AI-001,2026-09-19T134719,radish_best,cuda,93,10.4589,72.48,19.9
EXP-AI-001,2026-09-19T134719,radish_best,cuda,94,10.7417,72.48,19.9
EXP-AI-001,2026-09-19T134719,radish_best,cuda,95,10.6343,72.48,19.9
EXP-AI-001,2026-09-19T134719,radish_best,cuda,96,10.4163,72.48,19.9
EXP-AI-001,2026-09-19T134719,radish_best,cuda,97,10.6131,72.48,19.9
EXP-AI-001,2026-09-19T134719,radish_best,cuda,98,10.4041,72.48,19.9
EXP-AI-001,2026-09-19T134719,radish_best,cuda,99,10.389,72.48,19.9
EXP-AI-001,2026-09-19T134719,radish_best,cuda,100,10.31,72.48,19.9
EXP-AI-001,2026-09-19T134719,rice,cuda,1,28.1468,109.77,38.6
EXP-AI-001,2026-09-19T134719,rice,cuda,2,27.2772,109.77,38.6
EXP-AI-001,2026-09-19T134719,rice,cuda,3,27.2036,109.77,38.6
EXP-AI-001,2026-09-19T134719,rice,cuda,4,26.9797,109.77,38.6
EXP-AI-001,2026-09-19T134719,rice,cuda,5,27.1032,109.77,38.6
EXP-AI-001,2026-09-19T134719,rice,cuda,6,27.1254,109.77,38.6
EXP-AI-001,2026-09-19T134719,rice,cuda,7,27.236,109.77,38.6
EXP-AI-001,2026-09-19T134719,rice,cuda,8,27.3783,109.77,38.6
EXP-AI-001,2026-09-19T134719,rice,cuda,9,27.2137,109.77,38.6
EXP-AI-001,2026-09-19T134719,rice,cuda,10,27.2421,109.77,38.6
EXP-AI-001,2026-09-19T134719,rice,cuda,11,27.075,109.77,38.6
EXP-AI-001,2026-09-19T134719,rice,cuda,12,26.9273,109.77,38.6
EXP-AI-001,2026-09-19T134719,rice,cuda,13,27.2543,109.77,38.6
EXP-AI-001,2026-09-19T134719,rice,cuda,14,26.9832,109.77,38.6
EXP-AI-001,2026-09-19T134719,rice,cuda,15,27.1619,109.77,38.6
EXP-AI-001,2026-09-19T134719,rice,cuda,16,27.0067,109.77,38.6
EXP-AI-001,2026-09-19T134719,rice,cuda,17,27.0705,109.77,38.6
EXP-AI-001,2026-09-19T134719,rice,cuda,18,27.0354,109.77,38.6
EXP-AI-001,2026-09-19T134719,rice,cuda,19,26.9767,109.77,38.6
EXP-AI-001,2026-09-19T134719,rice,cuda,20,27.338,109.77,38.6
EXP-AI-001,2026-09-19T134719,rice,cuda,21,27.3186,109.77,38.6
EXP-AI-001,2026-09-19T134719,rice,cuda,22,27.0409,109.77,38.6
EXP-AI-001,2026-09-19T134719,rice,cuda,23,27.4346,109.77,38.6
EXP-AI-001,2026-09-19T134719,rice,cuda,24,27.3372,109.77,38.6
EXP-AI-001,2026-09-19T134719,rice,cuda,25,26.9136,109.77,38.6
EXP-AI-001,2026-09-19T134719,rice,cuda,26,27.171,109.77,38.6
EXP-AI-001,2026-09-19T134719,rice,cuda,27,26.9738,109.77,38.6
EXP-AI-001,2026-09-19T134719,rice,cuda,28,27.0287,109.77,38.6
EXP-AI-001,2026-09-19T134719,rice,cuda,29,27.0296,109.77,38.6
EXP-AI-001,2026-09-19T134719,rice,cuda,30,27.0147,109.77,38.6
EXP-AI-001,2026-09-19T134719,rice,cuda,31,27.2414,109.77,38.6
EXP-AI-001,2026-09-19T134719,rice,cuda,32,27.1778,109.77,38.6
EXP-AI-001,2026-09-19T134719,rice,cuda,33,26.9611,109.77,38.6
EXP-AI-001,2026-09-19T134719,rice,cuda,34,27.2484,109.77,38.6
EXP-AI-001,2026-09-19T134719,rice,cuda,35,27.0981,109.77,38.6
EXP-AI-001,2026-09-19T134719,rice,cuda,36,27.2154,109.77,38.6
EXP-AI-001,2026-09-19T134719,rice,cuda,37,27.0933,109.77,38.6
EXP-AI-001,2026-09-19T134719,rice,cuda,38,27.2161,109.77,38.6
EXP-AI-001,2026-09-19T134719,rice,cuda,39,27.0333,109.77,38.6
EXP-AI-001,2026-09-19T134719,rice,cuda,40,27.2059,109.77,38.6
EXP-AI-001,2026-09-19T134719,rice,cuda,41,27.33,109.77,38.6
EXP-AI-001,2026-09-19T134719,rice,cuda,42,27.2154,109.77,38.6
EXP-AI-001,2026-09-19T134719,rice,cuda,43,26.9694,109.77,38.6
EXP-AI-001,2026-09-19T134719,rice,cuda,44,27.1582,109.77,38.6
EXP-AI-001,2026-09-19T134719,rice,cuda,45,27.1662,109.77,38.6
EXP-AI-001,2026-09-19T134719,rice,cuda,46,27.0654,109.77,38.6
EXP-AI-001,2026-09-19T134719,rice,cuda,47,26.9562,109.77,38.6
EXP-AI-001,2026-09-19T134719,rice,cuda,48,27.0689,109.77,38.6
EXP-AI-001,2026-09-19T134719,rice,cuda,49,26.9789,109.77,38.6
EXP-AI-001,2026-09-19T134719,rice,cuda,50,27.2926,109.77,38.6
EXP-AI-001,2026-09-19T134719,rice,cuda,51,27.1496,109.77,38.6
EXP-AI-001,2026-09-19T134719,rice,cuda,52,26.8651,109.77,38.6
EXP-AI-001,2026-09-19T134719,rice,cuda,53,26.9164,109.77,38.6
EXP-AI-001,2026-09-19T134719,rice,cuda,54,27.0478,109.77,38.6
EXP-AI-001,2026-09-19T134719,rice,cuda,55,27.6048,109.77,38.6
EXP-AI-001,2026-09-19T134719,rice,cuda,56,27.1709,109.77,38.6
EXP-AI-001,2026-09-19T134719,rice,cuda,57,26.929,109.77,38.6
EXP-AI-001,2026-09-19T134719,rice,cuda,58,27.1202,109.77,38.6
EXP-AI-001,2026-09-19T134719,rice,cuda,59,26.9921,109.77,38.6
EXP-AI-001,2026-09-19T134719,rice,cuda,60,27.087,109.77,38.6
EXP-AI-001,2026-09-19T134719,rice,cuda,61,27.3552,109.77,38.6
EXP-AI-001,2026-09-19T134719,rice,cuda,62,27.0665,109.77,38.6
EXP-AI-001,2026-09-19T134719,rice,cuda,63,27.3991,109.77,38.6
EXP-AI-001,2026-09-19T134719,rice,cuda,64,27.0067,109.77,38.6
EXP-AI-001,2026-09-19T134719,rice,cuda,65,26.9225,109.77,38.6
EXP-AI-001,2026-09-19T134719,rice,cuda,66,27.1784,109.77,38.6
EXP-AI-001,2026-09-19T134719,rice,cuda,67,26.9347,109.77,38.6
EXP-AI-001,2026-09-19T134719,rice,cuda,68,28.2695,109.77,38.6
EXP-AI-001,2026-09-19T134719,rice,cuda,69,26.8757,109.77,38.6
EXP-AI-001,2026-09-19T134719,rice,cuda,70,27.1854,109.77,38.6
EXP-AI-001,2026-09-19T134719,rice,cuda,71,26.9332,109.77,38.6
EXP-AI-001,2026-09-19T134719,rice,cuda,72,27.0094,109.77,38.6
EXP-AI-001,2026-09-19T134719,rice,cuda,73,27.3434,109.77,38.6
EXP-AI-001,2026-09-19T134719,rice,cuda,74,27.1198,109.77,38.6
EXP-AI-001,2026-09-19T134719,rice,cuda,75,27.0807,109.77,38.6
EXP-AI-001,2026-09-19T134719,rice,cuda,76,27.4027,109.77,38.6
EXP-AI-001,2026-09-19T134719,rice,cuda,77,26.8637,109.77,38.6
EXP-AI-001,2026-09-19T134719,rice,cuda,78,26.9254,109.77,38.6
EXP-AI-001,2026-09-19T134719,rice,cuda,79,27.1454,109.77,38.6
EXP-AI-001,2026-09-19T134719,rice,cuda,80,27.0921,109.77,38.6
EXP-AI-001,2026-09-19T134719,rice,cuda,81,27.0721,109.77,38.6
EXP-AI-001,2026-09-19T134719,rice,cuda,82,27.0756,109.77,38.6
EXP-AI-001,2026-09-19T134719,rice,cuda,83,27.3813,109.77,38.6
EXP-AI-001,2026-09-19T134719,rice,cuda,84,27.2095,109.77,38.6
EXP-AI-001,2026-09-19T134719,rice,cuda,85,26.9571,109.77,38.6
EXP-AI-001,2026-09-19T134719,rice,cuda,86,26.9186,109.77,38.6
EXP-AI-001,2026-09-19T134719,rice,cuda,87,27.155,109.77,38.6
EXP-AI-001,2026-09-19T134719,rice,cuda,88,26.9914,109.77,38.6
EXP-AI-001,2026-09-19T134719,rice,cuda,89,26.8111,109.77,38.6
EXP-AI-001,2026-09-19T134719,rice,cuda,90,27.0894,109.77,38.6
EXP-AI-001,2026-09-19T134719,rice,cuda,91,27.1555,109.77,38.6
EXP-AI-001,2026-09-19T134719,rice,cuda,92,27.0156,109.77,38.6
EXP-AI-001,2026-09-19T134719,rice,cuda,93,27.3027,109.77,38.6
EXP-AI-001,2026-09-19T134719,rice,cuda,94,27.1681,109.77,38.6
EXP-AI-001,2026-09-19T134719,rice,cuda,95,26.9079,109.77,38.6
EXP-AI-001,2026-09-19T134719,rice,cuda,96,27.0929,109.77,38.6
EXP-AI-001,2026-09-19T134719,rice,cuda,97,26.9255,109.77,38.6
EXP-AI-001,2026-09-19T134719,rice,cuda,98,27.3025,109.77,38.6
EXP-AI-001,2026-09-19T134719,rice,cuda,99,27.2322,109.77,38.6
EXP-AI-001,2026-09-19T134719,rice,cuda,100,27.2689,109.77,38.6
EXP-AI-001,2026-09-19T134719,rose_best,cuda,1,10.284,72.47,19.9
EXP-AI-001,2026-09-19T134719,rose_best,cuda,2,10.2794,72.47,19.9
EXP-AI-001,2026-09-19T134719,rose_best,cuda,3,10.18,72.47,19.9
EXP-AI-001,2026-09-19T134719,rose_best,cuda,4,10.2849,72.47,19.9
EXP-AI-001,2026-09-19T134719,rose_best,cuda,5,10.4487,72.47,19.9
EXP-AI-001,2026-09-19T134719,rose_best,cuda,6,10.4019,72.47,19.9
EXP-AI-001,2026-09-19T134719,rose_best,cuda,7,10.3724,72.47,19.9
EXP-AI-001,2026-09-19T134719,rose_best,cuda,8,10.3307,72.47,19.9
EXP-AI-001,2026-09-19T134719,rose_best,cuda,9,10.2592,72.47,19.9
EXP-AI-001,2026-09-19T134719,rose_best,cuda,10,10.2621,72.47,19.9
EXP-AI-001,2026-09-19T134719,rose_best,cuda,11,10.2969,72.47,19.9
EXP-AI-001,2026-09-19T134719,rose_best,cuda,12,10.7785,72.47,19.9
EXP-AI-001,2026-09-19T134719,rose_best,cuda,13,10.4416,72.47,19.9
EXP-AI-001,2026-09-19T134719,rose_best,cuda,14,10.5607,72.47,19.9
EXP-AI-001,2026-09-19T134719,rose_best,cuda,15,10.4946,72.47,19.9
EXP-AI-001,2026-09-19T134719,rose_best,cuda,16,10.4537,72.47,19.9
EXP-AI-001,2026-09-19T134719,rose_best,cuda,17,10.5343,72.47,19.9
EXP-AI-001,2026-09-19T134719,rose_best,cuda,18,10.4079,72.47,19.9
EXP-AI-001,2026-09-19T134719,rose_best,cuda,19,10.3267,72.47,19.9
EXP-AI-001,2026-09-19T134719,rose_best,cuda,20,10.3243,72.47,19.9
EXP-AI-001,2026-09-19T134719,rose_best,cuda,21,10.191,72.47,19.9
EXP-AI-001,2026-09-19T134719,rose_best,cuda,22,10.1223,72.47,19.9
EXP-AI-001,2026-09-19T134719,rose_best,cuda,23,10.2586,72.47,19.9
EXP-AI-001,2026-09-19T134719,rose_best,cuda,24,10.2531,72.47,19.9
EXP-AI-001,2026-09-19T134719,rose_best,cuda,25,10.3335,72.47,19.9
EXP-AI-001,2026-09-19T134719,rose_best,cuda,26,10.6556,72.47,19.9
EXP-AI-001,2026-09-19T134719,rose_best,cuda,27,10.2514,72.47,19.9
EXP-AI-001,2026-09-19T134719,rose_best,cuda,28,10.2577,72.47,19.9
EXP-AI-001,2026-09-19T134719,rose_best,cuda,29,10.5295,72.47,19.9
EXP-AI-001,2026-09-19T134719,rose_best,cuda,30,10.4081,72.47,19.9
EXP-AI-001,2026-09-19T134719,rose_best,cuda,31,10.264,72.47,19.9
EXP-AI-001,2026-09-19T134719,rose_best,cuda,32,10.4731,72.47,19.9
EXP-AI-001,2026-09-19T134719,rose_best,cuda,33,10.4562,72.47,19.9
EXP-AI-001,2026-09-19T134719,rose_best,cuda,34,10.2977,72.47,19.9
EXP-AI-001,2026-09-19T134719,rose_best,cuda,35,10.5406,72.47,19.9
EXP-AI-001,2026-09-19T134719,rose_best,cuda,36,10.4002,72.47,19.9
EXP-AI-001,2026-09-19T134719,rose_best,cuda,37,10.2848,72.47,19.9
EXP-AI-001,2026-09-19T134719,rose_best,cuda,38,10.2997,72.47,19.9
EXP-AI-001,2026-09-19T134719,rose_best,cuda,39,10.3841,72.47,19.9
EXP-AI-001,2026-09-19T134719,rose_best,cuda,40,10.3957,72.47,19.9
EXP-AI-001,2026-09-19T134719,rose_best,cuda,41,10.4429,72.47,19.9
EXP-AI-001,2026-09-19T134719,rose_best,cuda,42,10.2729,72.47,19.9
EXP-AI-001,2026-09-19T134719,rose_best,cuda,43,10.3534,72.47,19.9
EXP-AI-001,2026-09-19T134719,rose_best,cuda,44,10.3604,72.47,19.9
EXP-AI-001,2026-09-19T134719,rose_best,cuda,45,10.5905,72.47,19.9
EXP-AI-001,2026-09-19T134719,rose_best,cuda,46,10.2241,72.47,19.9
EXP-AI-001,2026-09-19T134719,rose_best,cuda,47,10.4074,72.47,19.9
EXP-AI-001,2026-09-19T134719,rose_best,cuda,48,10.4338,72.47,19.9
EXP-AI-001,2026-09-19T134719,rose_best,cuda,49,10.4217,72.47,19.9
EXP-AI-001,2026-09-19T134719,rose_best,cuda,50,10.3871,72.47,19.9
EXP-AI-001,2026-09-19T134719,rose_best,cuda,51,10.4074,72.47,19.9
EXP-AI-001,2026-09-19T134719,rose_best,cuda,52,10.3759,72.47,19.9
EXP-AI-001,2026-09-19T134719,rose_best,cuda,53,10.1793,72.47,19.9
EXP-AI-001,2026-09-19T134719,rose_best,cuda,54,10.3107,72.47,19.9
EXP-AI-001,2026-09-19T134719,rose_best,cuda,55,10.4927,72.47,19.9
EXP-AI-001,2026-09-19T134719,rose_best,cuda,56,10.4971,72.47,19.9
EXP-AI-001,2026-09-19T134719,rose_best,cuda,57,10.1562,72.47,19.9
EXP-AI-001,2026-09-19T134719,rose_best,cuda,58,10.6901,72.47,19.9
EXP-AI-001,2026-09-19T134719,rose_best,cuda,59,10.389,72.47,19.9
EXP-AI-001,2026-09-19T134719,rose_best,cuda,60,10.2849,72.47,19.9
EXP-AI-001,2026-09-19T134719,rose_best,cuda,61,10.339,72.47,19.9
EXP-AI-001,2026-09-19T134719,rose_best,cuda,62,10.38,72.47,19.9
EXP-AI-001,2026-09-19T134719,rose_best,cuda,63,10.2721,72.47,19.9
EXP-AI-001,2026-09-19T134719,rose_best,cuda,64,10.3894,72.47,19.9
EXP-AI-001,2026-09-19T134719,rose_best,cuda,65,10.6577,72.47,19.9
EXP-AI-001,2026-09-19T134719,rose_best,cuda,66,10.3062,72.47,19.9
EXP-AI-001,2026-09-19T134719,rose_best,cuda,67,10.2812,72.47,19.9
EXP-AI-001,2026-09-19T134719,rose_best,cuda,68,10.4528,72.47,19.9
EXP-AI-001,2026-09-19T134719,rose_best,cuda,69,10.155,72.47,19.9
EXP-AI-001,2026-09-19T134719,rose_best,cuda,70,10.3365,72.47,19.9
EXP-AI-001,2026-09-19T134719,rose_best,cuda,71,10.4375,72.47,19.9
EXP-AI-001,2026-09-19T134719,rose_best,cuda,72,10.4754,72.47,19.9
EXP-AI-001,2026-09-19T134719,rose_best,cuda,73,10.2688,72.47,19.9
EXP-AI-001,2026-09-19T134719,rose_best,cuda,74,10.7334,72.47,19.9
EXP-AI-001,2026-09-19T134719,rose_best,cuda,75,10.6604,72.47,19.9
EXP-AI-001,2026-09-19T134719,rose_best,cuda,76,10.7792,72.47,19.9
EXP-AI-001,2026-09-19T134719,rose_best,cuda,77,10.5674,72.47,19.9
EXP-AI-001,2026-09-19T134719,rose_best,cuda,78,10.59,72.47,19.9
EXP-AI-001,2026-09-19T134719,rose_best,cuda,79,10.4811,72.47,19.9
EXP-AI-001,2026-09-19T134719,rose_best,cuda,80,10.4223,72.47,19.9
EXP-AI-001,2026-09-19T134719,rose_best,cuda,81,10.5177,72.47,19.9
EXP-AI-001,2026-09-19T134719,rose_best,cuda,82,10.5369,72.47,19.9
EXP-AI-001,2026-09-19T134719,rose_best,cuda,83,10.5713,72.47,19.9
EXP-AI-001,2026-09-19T134719,rose_best,cuda,84,11.3529,72.47,19.9
EXP-AI-001,2026-09-19T134719,rose_best,cuda,85,10.5632,72.47,19.9
EXP-AI-001,2026-09-19T134719,rose_best,cuda,86,10.4501,72.47,19.9
EXP-AI-001,2026-09-19T134719,rose_best,cuda,87,10.5463,72.47,19.9
EXP-AI-001,2026-09-19T134719,rose_best,cuda,88,10.4718,72.47,19.9
EXP-AI-001,2026-09-19T134719,rose_best,cuda,89,10.4398,72.47,19.9
EXP-AI-001,2026-09-19T134719,rose_best,cuda,90,10.4426,72.47,19.9
EXP-AI-001,2026-09-19T134719,rose_best,cuda,91,10.4103,72.47,19.9
EXP-AI-001,2026-09-19T134719,rose_best,cuda,92,10.5137,72.47,19.9
EXP-AI-001,2026-09-19T134719,rose_best,cuda,93,10.6366,72.47,19.9
EXP-AI-001,2026-09-19T134719,rose_best,cuda,94,10.4602,72.47,19.9
EXP-AI-001,2026-09-19T134719,rose_best,cuda,95,10.4626,72.47,19.9
EXP-AI-001,2026-09-19T134719,rose_best,cuda,96,10.4644,72.47,19.9
EXP-AI-001,2026-09-19T134719,rose_best,cuda,97,10.4882,72.47,19.9
EXP-AI-001,2026-09-19T134719,rose_best,cuda,98,10.6831,72.47,19.9
EXP-AI-001,2026-09-19T134719,rose_best,cuda,99,10.3363,72.47,19.9
EXP-AI-001,2026-09-19T134719,rose_best,cuda,100,10.4513,72.47,19.9
EXP-AI-001,2026-09-19T134719,tea_best,cuda,1,10.4875,72.48,19.9
EXP-AI-001,2026-09-19T134719,tea_best,cuda,2,10.2781,72.48,19.9
EXP-AI-001,2026-09-19T134719,tea_best,cuda,3,10.4411,72.48,19.9
EXP-AI-001,2026-09-19T134719,tea_best,cuda,4,10.5737,72.48,19.9
EXP-AI-001,2026-09-19T134719,tea_best,cuda,5,10.4454,72.48,19.9
EXP-AI-001,2026-09-19T134719,tea_best,cuda,6,10.3241,72.48,19.9
EXP-AI-001,2026-09-19T134719,tea_best,cuda,7,10.4144,72.48,19.9
EXP-AI-001,2026-09-19T134719,tea_best,cuda,8,10.4242,72.48,19.9
EXP-AI-001,2026-09-19T134719,tea_best,cuda,9,10.2163,72.48,19.9
EXP-AI-001,2026-09-19T134719,tea_best,cuda,10,10.5015,72.48,19.9
EXP-AI-001,2026-09-19T134719,tea_best,cuda,11,10.2624,72.48,19.9
EXP-AI-001,2026-09-19T134719,tea_best,cuda,12,10.6484,72.48,19.9
EXP-AI-001,2026-09-19T134719,tea_best,cuda,13,10.4148,72.48,19.9
EXP-AI-001,2026-09-19T134719,tea_best,cuda,14,10.3664,72.48,19.9
EXP-AI-001,2026-09-19T134719,tea_best,cuda,15,10.4241,72.48,19.9
EXP-AI-001,2026-09-19T134719,tea_best,cuda,16,10.2264,72.48,19.9
EXP-AI-001,2026-09-19T134719,tea_best,cuda,17,10.2838,72.48,19.9
EXP-AI-001,2026-09-19T134719,tea_best,cuda,18,10.4653,72.48,19.9
EXP-AI-001,2026-09-19T134719,tea_best,cuda,19,10.2035,72.48,19.9
EXP-AI-001,2026-09-19T134719,tea_best,cuda,20,10.3267,72.48,19.9
EXP-AI-001,2026-09-19T134719,tea_best,cuda,21,10.3645,72.48,19.9
EXP-AI-001,2026-09-19T134719,tea_best,cuda,22,10.3849,72.48,19.9
EXP-AI-001,2026-09-19T134719,tea_best,cuda,23,10.1501,72.48,19.9
EXP-AI-001,2026-09-19T134719,tea_best,cuda,24,10.3811,72.48,19.9
EXP-AI-001,2026-09-19T134719,tea_best,cuda,25,10.2974,72.48,19.9
EXP-AI-001,2026-09-19T134719,tea_best,cuda,26,10.257,72.48,19.9
EXP-AI-001,2026-09-19T134719,tea_best,cuda,27,10.3884,72.48,19.9
EXP-AI-001,2026-09-19T134719,tea_best,cuda,28,10.4175,72.48,19.9
EXP-AI-001,2026-09-19T134719,tea_best,cuda,29,10.264,72.48,19.9
EXP-AI-001,2026-09-19T134719,tea_best,cuda,30,10.2126,72.48,19.9
EXP-AI-001,2026-09-19T134719,tea_best,cuda,31,10.2084,72.48,19.9
EXP-AI-001,2026-09-19T134719,tea_best,cuda,32,10.4116,72.48,19.9
EXP-AI-001,2026-09-19T134719,tea_best,cuda,33,10.209,72.48,19.9
EXP-AI-001,2026-09-19T134719,tea_best,cuda,34,10.3563,72.48,19.9
EXP-AI-001,2026-09-19T134719,tea_best,cuda,35,10.2719,72.48,19.9
EXP-AI-001,2026-09-19T134719,tea_best,cuda,36,10.2166,72.48,19.9
EXP-AI-001,2026-09-19T134719,tea_best,cuda,37,10.2832,72.48,19.9
EXP-AI-001,2026-09-19T134719,tea_best,cuda,38,10.0718,72.48,19.9
EXP-AI-001,2026-09-19T134719,tea_best,cuda,39,10.3899,72.48,19.9
EXP-AI-001,2026-09-19T134719,tea_best,cuda,40,10.2919,72.48,19.9
EXP-AI-001,2026-09-19T134719,tea_best,cuda,41,10.3682,72.48,19.9
EXP-AI-001,2026-09-19T134719,tea_best,cuda,42,10.1596,72.48,19.9
EXP-AI-001,2026-09-19T134719,tea_best,cuda,43,10.2594,72.48,19.9
EXP-AI-001,2026-09-19T134719,tea_best,cuda,44,10.4312,72.48,19.9
EXP-AI-001,2026-09-19T134719,tea_best,cuda,45,10.2029,72.48,19.9
EXP-AI-001,2026-09-19T134719,tea_best,cuda,46,10.1559,72.48,19.9
EXP-AI-001,2026-09-19T134719,tea_best,cuda,47,10.147,72.48,19.9
EXP-AI-001,2026-09-19T134719,tea_best,cuda,48,10.2082,72.48,19.9
EXP-AI-001,2026-09-19T134719,tea_best,cuda,49,10.1869,72.48,19.9
EXP-AI-001,2026-09-19T134719,tea_best,cuda,50,10.3045,72.48,19.9
EXP-AI-001,2026-09-19T134719,tea_best,cuda,51,10.412,72.48,19.9
EXP-AI-001,2026-09-19T134719,tea_best,cuda,52,10.5182,72.48,19.9
EXP-AI-001,2026-09-19T134719,tea_best,cuda,53,10.5086,72.48,19.9
EXP-AI-001,2026-09-19T134719,tea_best,cuda,54,10.2326,72.48,19.9
EXP-AI-001,2026-09-19T134719,tea_best,cuda,55,10.2392,72.48,19.9
EXP-AI-001,2026-09-19T134719,tea_best,cuda,56,10.2602,72.48,19.9
EXP-AI-001,2026-09-19T134719,tea_best,cuda,57,10.352,72.48,19.9
EXP-AI-001,2026-09-19T134719,tea_best,cuda,58,10.1427,72.48,19.9
EXP-AI-001,2026-09-19T134719,tea_best,cuda,59,10.2291,72.48,19.9
EXP-AI-001,2026-09-19T134719,tea_best,cuda,60,10.2395,72.48,19.9
EXP-AI-001,2026-09-19T134719,tea_best,cuda,61,10.2564,72.48,19.9
EXP-AI-001,2026-09-19T134719,tea_best,cuda,62,10.285,72.48,19.9
EXP-AI-001,2026-09-19T134719,tea_best,cuda,63,10.3175,72.48,19.9
EXP-AI-001,2026-09-19T134719,tea_best,cuda,64,10.1878,72.48,19.9
EXP-AI-001,2026-09-19T134719,tea_best,cuda,65,10.2584,72.48,19.9
EXP-AI-001,2026-09-19T134719,tea_best,cuda,66,10.2188,72.48,19.9
EXP-AI-001,2026-09-19T134719,tea_best,cuda,67,10.309,72.48,19.9
EXP-AI-001,2026-09-19T134719,tea_best,cuda,68,10.2989,72.48,19.9
EXP-AI-001,2026-09-19T134719,tea_best,cuda,69,10.5455,72.48,19.9
EXP-AI-001,2026-09-19T134719,tea_best,cuda,70,10.4199,72.48,19.9
EXP-AI-001,2026-09-19T134719,tea_best,cuda,71,10.6154,72.48,19.9
EXP-AI-001,2026-09-19T134719,tea_best,cuda,72,10.4217,72.48,19.9
EXP-AI-001,2026-09-19T134719,tea_best,cuda,73,10.4518,72.48,19.9
EXP-AI-001,2026-09-19T134719,tea_best,cuda,74,10.3675,72.48,19.9
EXP-AI-001,2026-09-19T134719,tea_best,cuda,75,10.6558,72.48,19.9
EXP-AI-001,2026-09-19T134719,tea_best,cuda,76,10.5321,72.48,19.9
EXP-AI-001,2026-09-19T134719,tea_best,cuda,77,10.2404,72.48,19.9
EXP-AI-001,2026-09-19T134719,tea_best,cuda,78,10.7125,72.48,19.9
EXP-AI-001,2026-09-19T134719,tea_best,cuda,79,10.5788,72.48,19.9
EXP-AI-001,2026-09-19T134719,tea_best,cuda,80,10.3702,72.48,19.9
EXP-AI-001,2026-09-19T134719,tea_best,cuda,81,10.5862,72.48,19.9
EXP-AI-001,2026-09-19T134719,tea_best,cuda,82,10.5452,72.48,19.9
EXP-AI-001,2026-09-19T134719,tea_best,cuda,83,10.649,72.48,19.9
EXP-AI-001,2026-09-19T134719,tea_best,cuda,84,10.4851,72.48,19.9
EXP-AI-001,2026-09-19T134719,tea_best,cuda,85,10.4724,72.48,19.9
EXP-AI-001,2026-09-19T134719,tea_best,cuda,86,10.4618,72.48,19.9
EXP-AI-001,2026-09-19T134719,tea_best,cuda,87,10.2781,72.48,19.9
EXP-AI-001,2026-09-19T134719,tea_best,cuda,88,10.5179,72.48,19.9
EXP-AI-001,2026-09-19T134719,tea_best,cuda,89,10.3745,72.48,19.9
EXP-AI-001,2026-09-19T134719,tea_best,cuda,90,10.3247,72.48,19.9
EXP-AI-001,2026-09-19T134719,tea_best,cuda,91,10.5832,72.48,19.9
EXP-AI-001,2026-09-19T134719,tea_best,cuda,92,10.5636,72.48,19.9
EXP-AI-001,2026-09-19T134719,tea_best,cuda,93,10.7221,72.48,19.9
EXP-AI-001,2026-09-19T134719,tea_best,cuda,94,10.6113,72.48,19.9
EXP-AI-001,2026-09-19T134719,tea_best,cuda,95,10.5946,72.48,19.9
EXP-AI-001,2026-09-19T134719,tea_best,cuda,96,10.5096,72.48,19.9
EXP-AI-001,2026-09-19T134719,tea_best,cuda,97,10.3225,72.48,19.9
EXP-AI-001,2026-09-19T134719,tea_best,cuda,98,10.5873,72.48,19.9
EXP-AI-001,2026-09-19T134719,tea_best,cuda,99,10.4931,72.48,19.9
EXP-AI-001,2026-09-19T134719,tea_best,cuda,100,10.4939,72.48,19.9
EXP-AI-001,2026-09-19T134719,tomato,cuda,1,10.3055,72.51,19.9
EXP-AI-001,2026-09-19T134719,tomato,cuda,2,10.5283,72.51,19.9
EXP-AI-001,2026-09-19T134719,tomato,cuda,3,10.2405,72.51,19.9
EXP-AI-001,2026-09-19T134719,tomato,cuda,4,10.2222,72.51,19.9
EXP-AI-001,2026-09-19T134719,tomato,cuda,5,10.3876,72.51,19.9
EXP-AI-001,2026-09-19T134719,tomato,cuda,6,10.525,72.51,19.9
EXP-AI-001,2026-09-19T134719,tomato,cuda,7,10.2791,72.51,19.9
EXP-AI-001,2026-09-19T134719,tomato,cuda,8,10.3674,72.51,19.9
EXP-AI-001,2026-09-19T134719,tomato,cuda,9,10.4062,72.51,19.9
EXP-AI-001,2026-09-19T134719,tomato,cuda,10,10.2636,72.51,19.9
EXP-AI-001,2026-09-19T134719,tomato,cuda,11,10.3242,72.51,19.9
EXP-AI-001,2026-09-19T134719,tomato,cuda,12,10.4207,72.51,19.9
EXP-AI-001,2026-09-19T134719,tomato,cuda,13,10.2361,72.51,19.9
EXP-AI-001,2026-09-19T134719,tomato,cuda,14,10.3193,72.51,19.9
EXP-AI-001,2026-09-19T134719,tomato,cuda,15,10.5104,72.51,19.9
EXP-AI-001,2026-09-19T134719,tomato,cuda,16,10.3787,72.51,19.9
EXP-AI-001,2026-09-19T134719,tomato,cuda,17,10.3273,72.51,19.9
EXP-AI-001,2026-09-19T134719,tomato,cuda,18,10.4283,72.51,19.9
EXP-AI-001,2026-09-19T134719,tomato,cuda,19,10.3836,72.51,19.9
EXP-AI-001,2026-09-19T134719,tomato,cuda,20,10.2066,72.51,19.9
EXP-AI-001,2026-09-19T134719,tomato,cuda,21,10.7127,72.51,19.9
EXP-AI-001,2026-09-19T134719,tomato,cuda,22,10.3939,72.51,19.9
EXP-AI-001,2026-09-19T134719,tomato,cuda,23,10.2306,72.51,19.9
EXP-AI-001,2026-09-19T134719,tomato,cuda,24,10.3973,72.51,19.9
EXP-AI-001,2026-09-19T134719,tomato,cuda,25,10.4552,72.51,19.9
EXP-AI-001,2026-09-19T134719,tomato,cuda,26,10.2354,72.51,19.9
EXP-AI-001,2026-09-19T134719,tomato,cuda,27,10.2507,72.51,19.9
EXP-AI-001,2026-09-19T134719,tomato,cuda,28,10.1981,72.51,19.9
EXP-AI-001,2026-09-19T134719,tomato,cuda,29,10.4607,72.51,19.9
EXP-AI-001,2026-09-19T134719,tomato,cuda,30,10.3733,72.51,19.9
EXP-AI-001,2026-09-19T134719,tomato,cuda,31,10.5992,72.51,19.9
EXP-AI-001,2026-09-19T134719,tomato,cuda,32,10.3668,72.51,19.9
EXP-AI-001,2026-09-19T134719,tomato,cuda,33,10.3476,72.51,19.9
EXP-AI-001,2026-09-19T134719,tomato,cuda,34,10.3857,72.51,19.9
EXP-AI-001,2026-09-19T134719,tomato,cuda,35,10.3297,72.51,19.9
EXP-AI-001,2026-09-19T134719,tomato,cuda,36,10.1807,72.51,19.9
EXP-AI-001,2026-09-19T134719,tomato,cuda,37,10.3229,72.51,19.9
EXP-AI-001,2026-09-19T134719,tomato,cuda,38,10.2894,72.51,19.9
EXP-AI-001,2026-09-19T134719,tomato,cuda,39,10.6028,72.51,19.9
EXP-AI-001,2026-09-19T134719,tomato,cuda,40,10.4887,72.51,19.9
EXP-AI-001,2026-09-19T134719,tomato,cuda,41,10.4044,72.51,19.9
EXP-AI-001,2026-09-19T134719,tomato,cuda,42,11.2385,72.51,19.9
EXP-AI-001,2026-09-19T134719,tomato,cuda,43,11.8031,72.51,19.9
EXP-AI-001,2026-09-19T134719,tomato,cuda,44,12.1811,72.51,19.9
EXP-AI-001,2026-09-19T134719,tomato,cuda,45,12.453,72.51,19.9
EXP-AI-001,2026-09-19T134719,tomato,cuda,46,12.3099,72.51,19.9
EXP-AI-001,2026-09-19T134719,tomato,cuda,47,12.7272,72.51,19.9
EXP-AI-001,2026-09-19T134719,tomato,cuda,48,11.873,72.51,19.9
EXP-AI-001,2026-09-19T134719,tomato,cuda,49,11.4229,72.51,19.9
EXP-AI-001,2026-09-19T134719,tomato,cuda,50,11.147,72.51,19.9
EXP-AI-001,2026-09-19T134719,tomato,cuda,51,10.5778,72.51,19.9
EXP-AI-001,2026-09-19T134719,tomato,cuda,52,10.3719,72.51,19.9
EXP-AI-001,2026-09-19T134719,tomato,cuda,53,10.538,72.51,19.9
EXP-AI-001,2026-09-19T134719,tomato,cuda,54,10.4078,72.51,19.9
EXP-AI-001,2026-09-19T134719,tomato,cuda,55,10.2982,72.51,19.9
EXP-AI-001,2026-09-19T134719,tomato,cuda,56,10.3271,72.51,19.9
EXP-AI-001,2026-09-19T134719,tomato,cuda,57,10.8003,72.51,19.9
EXP-AI-001,2026-09-19T134719,tomato,cuda,58,10.4858,72.51,19.9
EXP-AI-001,2026-09-19T134719,tomato,cuda,59,10.5734,72.51,19.9
EXP-AI-001,2026-09-19T134719,tomato,cuda,60,10.4058,72.51,19.9
EXP-AI-001,2026-09-19T134719,tomato,cuda,61,10.4647,72.51,19.9
EXP-AI-001,2026-09-19T134719,tomato,cuda,62,10.3593,72.51,19.9
EXP-AI-001,2026-09-19T134719,tomato,cuda,63,10.2607,72.51,19.9
EXP-AI-001,2026-09-19T134719,tomato,cuda,64,10.2118,72.51,19.9
EXP-AI-001,2026-09-19T134719,tomato,cuda,65,10.3784,72.51,19.9
EXP-AI-001,2026-09-19T134719,tomato,cuda,66,10.5863,72.51,19.9
EXP-AI-001,2026-09-19T134719,tomato,cuda,67,10.6824,72.51,19.9
EXP-AI-001,2026-09-19T134719,tomato,cuda,68,10.7475,72.51,19.9
EXP-AI-001,2026-09-19T134719,tomato,cuda,69,10.3983,72.51,19.9
EXP-AI-001,2026-09-19T134719,tomato,cuda,70,10.5409,72.51,19.9
EXP-AI-001,2026-09-19T134719,tomato,cuda,71,10.4805,72.51,19.9
EXP-AI-001,2026-09-19T134719,tomato,cuda,72,10.4796,72.51,19.9
EXP-AI-001,2026-09-19T134719,tomato,cuda,73,10.3575,72.51,19.9
EXP-AI-001,2026-09-19T134719,tomato,cuda,74,10.4545,72.51,19.9
EXP-AI-001,2026-09-19T134719,tomato,cuda,75,10.5907,72.51,19.9
EXP-AI-001,2026-09-19T134719,tomato,cuda,76,10.4843,72.51,19.9
EXP-AI-001,2026-09-19T134719,tomato,cuda,77,10.3414,72.51,19.9
EXP-AI-001,2026-09-19T134719,tomato,cuda,78,10.3531,72.51,19.9
EXP-AI-001,2026-09-19T134719,tomato,cuda,79,10.2528,72.51,19.9
EXP-AI-001,2026-09-19T134719,tomato,cuda,80,10.3541,72.51,19.9
EXP-AI-001,2026-09-19T134719,tomato,cuda,81,10.4106,72.51,19.9
EXP-AI-001,2026-09-19T134719,tomato,cuda,82,10.1736,72.51,19.9
EXP-AI-001,2026-09-19T134719,tomato,cuda,83,10.3719,72.51,19.9
EXP-AI-001,2026-09-19T134719,tomato,cuda,84,10.4928,72.51,19.9
EXP-AI-001,2026-09-19T134719,tomato,cuda,85,10.2132,72.51,19.9
EXP-AI-001,2026-09-19T134719,tomato,cuda,86,10.5609,72.51,19.9
EXP-AI-001,2026-09-19T134719,tomato,cuda,87,10.1898,72.51,19.9
EXP-AI-001,2026-09-19T134719,tomato,cuda,88,10.1441,72.51,19.9
EXP-AI-001,2026-09-19T134719,tomato,cuda,89,10.2289,72.51,19.9
EXP-AI-001,2026-09-19T134719,tomato,cuda,90,10.3792,72.51,19.9
EXP-AI-001,2026-09-19T134719,tomato,cuda,91,10.3475,72.51,19.9
EXP-AI-001,2026-09-19T134719,tomato,cuda,92,10.2754,72.51,19.9
EXP-AI-001,2026-09-19T134719,tomato,cuda,93,10.3132,72.51,19.9
EXP-AI-001,2026-09-19T134719,tomato,cuda,94,10.2527,72.51,19.9
EXP-AI-001,2026-09-19T134719,tomato,cuda,95,11.6164,72.51,19.9
EXP-AI-001,2026-09-19T134719,tomato,cuda,96,11.2685,72.51,19.9
EXP-AI-001,2026-09-19T134719,tomato,cuda,97,10.4836,72.51,19.9
EXP-AI-001,2026-09-19T134719,tomato,cuda,98,10.2003,72.51,19.9
EXP-AI-001,2026-09-19T134719,tomato,cuda,99,10.2312,72.51,19.9
EXP-AI-001,2026-09-19T134719,tomato,cuda,100,10.4065,72.51,19.9
